dashboard_rank,display_name,name,type,lat,lon,dong,gu,zone,score,near_hub,color
1,공영주차장,nan,공영주차장,37.355652,127.098267,금곡동,분당구,Hybrid,0.759,True,#42A5F5
2,공영주차장,nan,공영주차장,37.344888,127.109611,구미1동,분당구,Hybrid,0.753,True,#42A5F5
3,공영주차장,nan,공영주차장,37.345419,127.109582,구미1동,분당구,Hybrid,0.753,True,#42A5F5
4,공영주차장,nan,공영주차장,37.352936,127.102129,금곡동,분당구,Hybrid,0.746,True,#42A5F5
5,공영주차장,nan,공영주차장,37.353549,127.101355,금곡동,분당구,Hybrid,0.746,True,#42A5F5
6,공영주차장,nan,공영주차장,37.336513,127.118127,구미동,분당구,Hybrid,0.738,False,#42A5F5
7,공영주차장,nan,공영주차장,37.343906,127.116749,구미동,분당구,Hybrid,0.737,True,#42A5F5
8,공영주차장,nan,공영주차장,37.344211,127.116625,구미동,분당구,Hybrid,0.737,True,#42A5F5
9,공영주차장,nan,공영주차장,37.334889,127.117282,구미동,분당구,Hybrid,0.733,False,#42A5F5
10,주차장,주차장,공영주차장,37.357602,127.119624,정자3동,분당구,Hybrid,0.731,True,#42A5F5
11,공영주차장,nan,공영주차장,37.359255,127.110875,정자3동,분당구,Hybrid,0.73,True,#42A5F5
12,공영주차장,nan,공영주차장,37.340041,127.123096,구미동,분당구,Hybrid,0.73,True,#42A5F5
13,공영주차장,nan,공영주차장,37.336559,127.117228,구미동,분당구,Hybrid,0.728,False,#42A5F5
14,공영주차장,nan,공영주차장,37.347924,127.12471,구미동,분당구,Hybrid,0.727,True,#42A5F5
15,이마트24 분당미켈란점,이마트24 분당미켈란점,대형마트,37.359571,127.107187,정자1동,분당구,Hybrid,0.727,True,#FFA726
16,공영주차장,nan,공영주차장,37.34835,127.124992,구미동,분당구,Hybrid,0.724,True,#42A5F5
17,공영주차장,nan,공영주차장,37.344124,127.109664,구미동,분당구,Hybrid,0.723,True,#42A5F5
18,공영주차장,nan,공영주차장,37.34438,127.109651,구미동,분당구,Hybrid,0.723,True,#42A5F5
19,대농식자재마트,대농식자재마트,대형마트,37.366724,127.068299,운중동,분당구,Hybrid,0.704,False,#FFA726
20,정자3동 행정복지센터,정자3동 행정복지센터,주민센터,37.360785,127.119555,정자3동,분당구,Hybrid,0.697,True,#66BB6A
21,그랜드빌 주민회관,그랜드빌 주민회관,주민센터,37.343331,127.116812,구미동,분당구,Hybrid,0.697,True,#66BB6A
22,구미동 행정복지센터,구미동 행정복지센터,주민센터,37.340209,127.122616,구미동,분당구,Hybrid,0.69,True,#66BB6A
23,하얀마을복지회관,하얀마을복지회관,주민센터,37.344518,127.112275,구미동,분당구,Hybrid,0.684,True,#66BB6A
24,상가,상가,대형마트,37.349094,127.115664,구미1동,분당구,Hybrid,0.681,True,#FFA726
25,gs더프레시,gs더프레시,대형마트,37.345681,127.112657,구미1동,분당구,Hybrid,0.677,True,#FFA726
26,이마트24,이마트24,대형마트,37.347573,127.111754,구미1동,분당구,Hybrid,0.677,True,#FFA726
27,킴스클럽,킴스클럽,대형마트,37.349243,127.10648,구미1동,분당구,Hybrid,0.674,True,#FFA726
28,이마트 분당점,이마트 분당점,대형마트,37.358764,127.119706,정자3동,분당구,Hybrid,0.672,True,#FFA726
29,공원,nan,공원,37.364478,127.073434,운중동,분당구,Hybrid,0.671,True,#AB47BC
30,공영주차장,nan,공영주차장,37.383007,127.149683,서현1동,분당구,로봇전용,0.668,True,#42A5F5
31,공영주차장,nan,공영주차장,37.388004,127.121183,서현1동,분당구,로봇전용,0.667,True,#42A5F5
32,공영주차장,nan,공영주차장,37.387746,127.121475,서현1동,분당구,로봇전용,0.667,True,#42A5F5
33,대원 상가,대원 상가,대형마트,37.351661,127.113305,금곡동,분당구,Hybrid,0.667,True,#FFA726
34,공영주차장,nan,공영주차장,37.384007,127.136368,서현1동,분당구,로봇전용,0.665,True,#42A5F5
35,공원,nan,공원,37.364698,127.072018,운중동,분당구,Hybrid,0.664,True,#AB47BC
36,공영주차장,nan,공영주차장,37.386744,127.122758,서현1동,분당구,로봇전용,0.662,True,#42A5F5
37,공영주차장,nan,공영주차장,37.40044,127.113607,삼평동,분당구,로봇전용,0.661,True,#42A5F5
38,공영주차장,nan,공영주차장,37.400006,127.114091,삼평동,분당구,로봇전용,0.661,True,#42A5F5
39,506동 앞 주차장,506동 앞 주차장,공영주차장,37.400453,127.114259,삼평동,분당구,로봇전용,0.661,True,#42A5F5
40,봇들마을 5단지 상가 전용 주차장,봇들마을 5단지 상가 전용 주차장,공영주차장,37.400027,127.114085,삼평동,분당구,로봇전용,0.661,True,#42A5F5
41,501동 앞 주차장,501동 앞 주차장,공영주차장,37.400438,127.113615,삼평동,분당구,로봇전용,0.661,True,#42A5F5
42,공영주차장,nan,공영주차장,37.400463,127.114271,삼평동,분당구,로봇전용,0.661,True,#42A5F5
43,공영주차장,nan,공영주차장,37.397921,127.11452,삼평동,분당구,로봇전용,0.656,True,#42A5F5
44,공영주차장,nan,공영주차장,37.401081,127.114273,삼평동,분당구,로봇전용,0.655,True,#42A5F5
45,504동 앞 주차장,504동 앞 주차장,공영주차장,37.401067,127.114253,삼평동,분당구,로봇전용,0.655,True,#42A5F5
46,공원,nan,공원,37.36374,127.07,운중동,분당구,Hybrid,0.655,True,#AB47BC
47,공영주차장,nan,공영주차장,37.400408,127.102084,삼평동,분당구,로봇전용,0.655,True,#42A5F5
48,공영주차장,nan,공영주차장,37.399352,127.10186,삼평동,분당구,로봇전용,0.655,True,#42A5F5
49,503동 앞 주차장,503동 앞 주차장,공영주차장,37.401029,127.113615,삼평동,분당구,로봇전용,0.654,True,#42A5F5
50,공영주차장,nan,공영주차장,37.401045,127.113605,삼평동,분당구,로봇전용,0.654,True,#42A5F5
51,공영주차장,nan,공영주차장,37.400527,127.111466,삼평동,분당구,로봇전용,0.654,True,#42A5F5
52,Daewon Apt. playground,Daewon Apt. playground,공원,37.351027,127.114423,구미1동,분당구,Hybrid,0.653,True,#AB47BC
53,공원,nan,공원,37.351567,127.114905,구미1동,분당구,Hybrid,0.653,True,#AB47BC
54,공원,nan,공원,37.351421,127.115938,구미1동,분당구,Hybrid,0.653,True,#AB47BC
55,홈플러스익스프레스,홈플러스익스프레스,대형마트,37.355805,127.105588,금곡동,분당구,Hybrid,0.652,True,#FFA726
56,공원,nan,공원,37.364436,127.070853,운중동,분당구,Hybrid,0.65,True,#AB47BC
57,공영주차장,nan,공영주차장,37.377839,127.107549,정자1동,분당구,로봇전용,0.649,True,#42A5F5
58,공영주차장,nan,공영주차장,37.377545,127.105673,정자1동,분당구,로봇전용,0.649,True,#42A5F5
59,상가동,상가동,대형마트,37.34676,127.117125,구미동,분당구,Hybrid,0.644,True,#FFA726
60,대형마트,nan,대형마트,37.340531,127.10513,구미동,분당구,Hybrid,0.643,True,#FFA726
61,공원,nan,공원,37.347488,127.114563,구미1동,분당구,Hybrid,0.641,True,#AB47BC
62,벌말공원,벌말공원,공원,37.348108,127.115295,구미1동,분당구,Hybrid,0.641,True,#AB47BC
63,공원,nan,공원,37.348249,127.113822,구미1동,분당구,Hybrid,0.641,True,#AB47BC
64,공원,nan,공원,37.348186,127.115138,구미1동,분당구,Hybrid,0.641,True,#AB47BC
65,공원,nan,공원,37.347948,127.115444,구미1동,분당구,Hybrid,0.641,True,#AB47BC
66,하얀마을6단지 상가,하얀마을6단지 상가,대형마트,37.345717,127.113657,구미동,분당구,Hybrid,0.64,True,#FFA726
67,상가동,상가동,대형마트,37.345264,127.113616,구미동,분당구,Hybrid,0.64,True,#FFA726
68,까치마을어린이공원,까치마을어린이공원,공원,37.351175,127.118162,구미1동,분당구,Hybrid,0.639,True,#AB47BC
69,이우학교,이우학교,학교,37.352448,127.090732,구미1동,분당구,Hybrid,0.638,True,#EF5350
70,선경아파트 놀이터,선경아파트 놀이터,공원,37.346045,127.112261,구미1동,분당구,Hybrid,0.637,True,#AB47BC
71,까치마을 근린공원,까치마을 근린공원,공원,37.347655,127.113375,구미1동,분당구,Hybrid,0.637,True,#AB47BC
72,공원,nan,공원,37.346647,127.112152,구미1동,분당구,Hybrid,0.637,True,#AB47BC
73,하얀마을 놀이터,하얀마을 놀이터,공원,37.345618,127.112398,구미1동,분당구,Hybrid,0.637,True,#AB47BC
74,공원,nan,공원,37.347297,127.112211,구미1동,분당구,Hybrid,0.637,True,#AB47BC
75,공원,nan,공원,37.346524,127.114212,구미1동,분당구,Hybrid,0.637,True,#AB47BC
76,공원,nan,공원,37.347509,127.112612,구미1동,분당구,Hybrid,0.637,True,#AB47BC
77,공원,nan,공원,37.347451,127.11381,구미1동,분당구,Hybrid,0.637,True,#AB47BC
78,선경아파트 놀이터,선경아파트 놀이터,공원,37.348202,127.112263,구미1동,분당구,Hybrid,0.637,True,#AB47BC
79,공원,nan,공원,37.347428,127.113108,구미1동,분당구,Hybrid,0.637,True,#AB47BC
80,공원,nan,공원,37.348164,127.112304,구미1동,분당구,Hybrid,0.637,True,#AB47BC
81,머내과학공원,머내과학공원,공원,37.346615,127.106011,구미1동,분당구,Hybrid,0.634,True,#AB47BC
82,앞구미어린이공원,앞구미어린이공원,공원,37.35355,127.113406,금곡동,분당구,Hybrid,0.627,True,#AB47BC
83,공영주차장,nan,공영주차장,37.383581,127.118712,수내1동,분당구,로봇전용,0.626,True,#42A5F5
84,공영주차장,nan,공영주차장,37.385728,127.119036,수내1동,분당구,로봇전용,0.626,True,#42A5F5
85,공영주차장,nan,공영주차장,37.467315,127.153275,위례동,수정구,로봇전용,0.626,True,#42A5F5
86,위례 더제이 주차빌딩,위례 더제이 주차빌딩,공영주차장,37.472688,127.149745,위례동,수정구,로봇전용,0.624,True,#42A5F5
87,공영주차장,nan,공영주차장,37.466934,127.143294,위례동,수정구,로봇전용,0.623,True,#42A5F5
88,공원,nan,공원,37.344239,127.11907,구미동,분당구,Hybrid,0.623,True,#AB47BC
89,공영주차장,nan,공영주차장,37.460281,127.146655,위례동,수정구,로봇전용,0.622,True,#42A5F5
90,공영주차장,nan,공영주차장,37.469338,127.147806,위례동,수정구,로봇전용,0.621,True,#42A5F5
91,공영주차장,nan,공영주차장,37.46349,127.142313,위례동,수정구,로봇전용,0.621,True,#42A5F5
92,봇들7단지 생활지원센터,봇들7단지 생활지원센터,주민센터,37.397261,127.116551,삼평동,분당구,로봇전용,0.621,True,#66BB6A
93,탄천 무지개공원,탄천 무지개공원,공원,37.339728,127.114258,구미동,분당구,Hybrid,0.618,True,#AB47BC
94,건영 3단지 공원,건영 3단지 공원,공원,37.33969,127.115345,구미동,분당구,Hybrid,0.618,True,#AB47BC
95,공원,nan,공원,37.338924,127.113657,구미동,분당구,Hybrid,0.618,True,#AB47BC
96,3단지 테니스장 공터,3단지 테니스장 공터,공원,37.339131,127.113986,구미동,분당구,Hybrid,0.618,True,#AB47BC
97,3단지 관리사무소 앞 공원,3단지 관리사무소 앞 공원,공원,37.339366,127.114379,구미동,분당구,Hybrid,0.618,True,#AB47BC
98,공원,nan,공원,37.343652,127.118157,구미동,분당구,Hybrid,0.617,True,#AB47BC
99,공원,nan,공원,37.34433,127.116586,구미동,분당구,Hybrid,0.617,True,#AB47BC
100,놀이터,놀이터,공원,37.342769,127.117308,구미동,분당구,Hybrid,0.617,True,#AB47BC
101,공원,nan,공원,37.344173,127.118532,구미동,분당구,Hybrid,0.617,True,#AB47BC
102,삼평동 행정복지센터,삼평동 행정복지센터,주민센터,37.406066,127.11635,삼평동,분당구,로봇전용,0.615,True,#66BB6A
103,공영주차장,nan,공영주차장,37.411853,127.125031,야탑1동,분당구,로봇전용,0.614,True,#42A5F5
104,공영주차장,nan,공영주차장,37.412566,127.124492,야탑1동,분당구,로봇전용,0.614,True,#42A5F5
105,공영주차장,nan,공영주차장,37.410981,127.125581,야탑1동,분당구,로봇전용,0.614,True,#42A5F5
106,공원,nan,공원,37.354209,127.111072,금곡동,분당구,Hybrid,0.612,True,#AB47BC
107,공영주차장,nan,공영주차장,37.350451,127.10673,금곡동,분당구,로봇전용,0.611,True,#42A5F5
108,공영주차장,공영주차장,공영주차장,37.350788,127.106844,금곡동,분당구,로봇전용,0.611,True,#42A5F5
109,공영주차장,nan,공영주차장,37.410625,127.119243,야탑1동,분당구,로봇전용,0.611,True,#42A5F5
110,구미공원,구미공원,공원,37.340841,127.122019,구미동,분당구,Hybrid,0.61,True,#AB47BC
111,공원,nan,공원,37.340222,127.123635,구미동,분당구,Hybrid,0.61,True,#AB47BC
112,정자1동행정복지센터,정자1동행정복지센터,주민센터,37.364526,127.105678,정자1동,분당구,로봇전용,0.609,True,#66BB6A
113,오리공원,오리공원,공원,37.340775,127.112504,구미동,분당구,Hybrid,0.608,True,#AB47BC
114,하얀어린이공원,하얀어린이공원,공원,37.344926,127.117978,구미동,분당구,Hybrid,0.604,True,#AB47BC
115,공원,nan,공원,37.344687,127.110916,구미동,분당구,Hybrid,0.604,True,#AB47BC
116,공원,nan,공원,37.342871,127.112428,구미동,분당구,Hybrid,0.604,True,#AB47BC
117,공원,nan,공원,37.345084,127.11225,구미동,분당구,Hybrid,0.604,True,#AB47BC
118,미금초등학교,미금초등학교,학교,37.347052,127.115298,구미1동,분당구,Hybrid,0.601,True,#EF5350
119,주공아파트 놀이터,주공아파트 놀이터,공원,37.34559,127.114542,구미동,분당구,Hybrid,0.6,True,#AB47BC
120,오리어린이공원,오리어린이공원,공원,37.344455,127.114138,구미동,분당구,Hybrid,0.6,True,#AB47BC
121,공원,nan,공원,37.346571,127.114591,구미동,분당구,Hybrid,0.6,True,#AB47BC
122,공원,nan,공원,37.346312,127.114143,구미동,분당구,Hybrid,0.6,True,#AB47BC
123,공원,nan,공원,37.341447,127.126241,구미동,분당구,Hybrid,0.599,True,#AB47BC
124,넘말 어린이공원,넘말 어린이공원,공원,37.340481,127.124768,구미동,분당구,Hybrid,0.599,True,#AB47BC
125,공원,nan,공원,37.342212,127.124661,구미동,분당구,Hybrid,0.599,True,#AB47BC
126,공원,nan,공원,37.341558,127.126404,구미동,분당구,Hybrid,0.599,True,#AB47BC
127,큰골어린이공원,큰골어린이공원,공원,37.340197,127.126044,구미동,분당구,Hybrid,0.599,True,#AB47BC
128,공원,nan,공원,37.341755,127.124919,구미동,분당구,Hybrid,0.599,True,#AB47BC
129,덕봉어린이공원,덕봉어린이공원,공원,37.342219,127.12584,구미동,분당구,Hybrid,0.599,True,#AB47BC
130,공영주차장,nan,공영주차장,37.363243,127.100935,금곡동,분당구,로봇전용,0.59,True,#42A5F5
131,공영주차장,nan,공영주차장,37.39275,127.111541,백현동,분당구,로봇전용,0.589,True,#42A5F5
132,판교공영주차장,판교공영주차장,공영주차장,37.393359,127.110712,백현동,분당구,로봇전용,0.589,True,#42A5F5
133,청솔초등학교,청솔초등학교,학교,37.354043,127.114162,금곡동,분당구,Hybrid,0.588,True,#EF5350
134,공영주차장,nan,공영주차장,37.386531,127.10345,백현동,분당구,로봇전용,0.588,True,#42A5F5
135,공영주차장,nan,공영주차장,37.389799,127.10863,백현동,분당구,로봇전용,0.587,True,#42A5F5
136,롯데슈퍼,롯데슈퍼,대형마트,37.37811,127.132233,서현1동,분당구,로봇전용,0.587,True,#FFA726
137,다이소(지하1층),다이소(지하1층),대형마트,37.383906,127.121589,서현1동,분당구,로봇전용,0.587,True,#FFA726
138,공영주차장,nan,공영주차장,37.396848,127.111439,백현동,분당구,로봇전용,0.586,True,#42A5F5
139,현대슈퍼,현대슈퍼,대형마트,37.377896,127.129408,서현1동,분당구,로봇전용,0.585,True,#FFA726
140,공영주차장,nan,공영주차장,37.392216,127.104771,백현동,분당구,로봇전용,0.584,True,#42A5F5
141,공영주차장,nan,공영주차장,37.391695,127.104407,백현동,분당구,로봇전용,0.584,True,#42A5F5
142,형제슈퍼,형제슈퍼,대형마트,37.379828,127.13352,서현1동,분당구,로봇전용,0.583,True,#FFA726
143,위례평생학습관,위례평생학습관,주민센터,37.468293,127.149517,위례동,수정구,로봇전용,0.583,True,#66BB6A
144,AK플라자 분당,AK플라자 분당,대형마트,37.385093,127.123102,서현1동,분당구,로봇전용,0.583,True,#FFA726
145,롯데마트 서현점,롯데마트 서현점,대형마트,37.385932,127.120593,서현1동,분당구,로봇전용,0.582,True,#FFA726
146,학교,nan,학교,37.347961,127.119223,구미1동,분당구,Hybrid,0.581,True,#EF5350
147,수내1동 행정복지센터,수내1동 행정복지센터,주민센터,37.375624,127.117889,수내1동,분당구,로봇전용,0.581,True,#66BB6A
148,학교,nan,학교,37.347046,127.119198,구미1동,분당구,Hybrid,0.581,True,#EF5350
149,롯데마트 판교점 (Lottemart),롯데마트 판교점 (Lottemart),대형마트,37.395486,127.113339,삼평동,분당구,로봇전용,0.576,True,#FFA726
150,구미중학교,구미중학교,학교,37.345975,127.123647,구미동,분당구,Hybrid,0.576,True,#EF5350
151,청호마트,청호마트,대형마트,37.403693,127.116391,삼평동,분당구,로봇전용,0.575,True,#FFA726
152,공영주차장,nan,공영주차장,37.400479,127.129029,야탑3동,분당구,로봇전용,0.575,True,#42A5F5
153,구미1동 행정복지센터,구미1동 행정복지센터,주민센터,37.349269,127.111757,구미1동,분당구,로봇전용,0.574,True,#66BB6A
154,공영주차장,nan,공영주차장,37.419677,127.121837,도촌동,중원구,로봇전용,0.572,True,#42A5F5
155,공영주차장,nan,공영주차장,37.466295,127.127537,복정동,수정구,로봇전용,0.572,True,#42A5F5
156,공영주차장,nan,공영주차장,37.41982,127.122658,도촌동,중원구,로봇전용,0.572,True,#42A5F5
157,청솔중학교,청솔중학교,학교,37.355726,127.110784,금곡동,분당구,Hybrid,0.572,True,#EF5350
158,금곡동 행정복지센터,금곡동 행정복지센터,주민센터,37.351644,127.107068,금곡동,분당구,로봇전용,0.571,True,#66BB6A
159,공영주차장,nan,공영주차장,37.357532,127.105459,정자1동,분당구,일반,0.571,True,#42A5F5
160,분당중학교,분당중학교,학교,37.360533,127.11065,정자3동,분당구,Hybrid,0.57,True,#EF5350
161,이마트에브리데이 분당정자점,이마트에브리데이 분당정자점,대형마트,37.371792,127.10627,정자1동,분당구,로봇전용,0.57,True,#FFA726
162,분당경영고등학교,분당경영고등학교,학교,37.355782,127.109636,금곡동,분당구,Hybrid,0.569,True,#EF5350
163,금곡공원,금곡공원,공원,37.357146,127.109579,정자동,분당구,Hybrid,0.567,True,#AB47BC
164,학교,nan,학교,37.343879,127.115355,구미동,분당구,Hybrid,0.56,True,#EF5350
165,공영주차장,nan,공영주차장,37.386787,127.141478,서현1동,분당구,일반,0.558,True,#42A5F5
166,분당중앙고등학교,분당중앙고등학교,학교,37.360419,127.123975,정자3동,분당구,Hybrid,0.554,True,#EF5350
167,공영주차장,nan,공영주차장,37.404766,127.115093,삼평동,분당구,일반,0.553,True,#42A5F5
168,공영주차장,nan,공영주차장,37.403048,127.099337,삼평동,분당구,일반,0.551,True,#42A5F5
169,공영주차장,nan,공영주차장,37.402774,127.106821,삼평동,분당구,일반,0.551,True,#42A5F5
170,공영주차장,nan,공영주차장,37.403683,127.109083,삼평동,분당구,일반,0.551,True,#42A5F5
171,공영주차장,nan,공영주차장,37.394275,127.104373,삼평동,분당구,일반,0.55,True,#42A5F5
172,공영주차장,nan,공영주차장,37.405768,127.103179,삼평동,분당구,일반,0.549,True,#42A5F5
173,율동공원,율동공원,공원,37.377825,127.150041,서현1동,분당구,로봇전용,0.549,True,#AB47BC
174,공원,nan,공원,37.382238,127.149614,서현1동,분당구,로봇전용,0.548,True,#AB47BC
175,공원,nan,공원,37.3795,127.131784,서현1동,분당구,로봇전용,0.547,True,#AB47BC
176,공원,nan,공원,37.377758,127.131844,서현1동,분당구,로봇전용,0.547,True,#AB47BC
177,분당어린이공원,분당어린이공원,공원,37.379056,127.13115,서현1동,분당구,로봇전용,0.547,True,#AB47BC
178,공원,nan,공원,37.378584,127.130735,서현1동,분당구,로봇전용,0.547,True,#AB47BC
179,잔디광장,잔디광장,공원,37.381885,127.120072,서현1동,분당구,로봇전용,0.546,True,#AB47BC
180,공원,nan,공원,37.376861,127.130904,서현1동,분당구,로봇전용,0.545,True,#AB47BC
181,공원,nan,공원,37.377056,127.130081,서현1동,분당구,로봇전용,0.545,True,#AB47BC
182,공원,nan,공원,37.378623,127.128136,서현1동,분당구,로봇전용,0.545,True,#AB47BC
183,공원,nan,공원,37.377569,127.128348,서현1동,분당구,로봇전용,0.545,True,#AB47BC
184,공원,nan,공원,37.377725,127.127645,서현1동,분당구,로봇전용,0.545,True,#AB47BC
185,백현동 행정복지센터,백현동 행정복지센터,주민센터,37.388452,127.110851,백현동,분당구,로봇전용,0.544,True,#66BB6A
186,공원,nan,공원,37.380851,127.129906,서현1동,분당구,로봇전용,0.544,True,#AB47BC
187,공원,nan,공원,37.379152,127.129083,서현1동,분당구,로봇전용,0.544,True,#AB47BC
188,롯데슈퍼마켓,롯데슈퍼마켓,대형마트,37.473506,127.149904,위례동,수정구,로봇전용,0.544,True,#FFA726
189,공원,nan,공원,37.37946,127.134345,서현1동,분당구,로봇전용,0.543,True,#AB47BC
190,공원,nan,공원,37.38151,127.132248,서현1동,분당구,로봇전용,0.543,True,#AB47BC
191,공원,nan,공원,37.380425,127.131049,서현1동,분당구,로봇전용,0.543,True,#AB47BC
192,공원,nan,공원,37.381768,127.132761,서현1동,분당구,로봇전용,0.543,True,#AB47BC
193,롯데백화점 분당점,롯데백화점 분당점,대형마트,37.378396,127.114296,수내1동,분당구,로봇전용,0.541,True,#FFA726
194,하모니마트,하모니마트,대형마트,37.377474,127.114428,수내1동,분당구,로봇전용,0.541,True,#FFA726
195,삼평어린이공원,삼평어린이공원,공원,37.399528,127.114891,삼평동,분당구,로봇전용,0.541,True,#AB47BC
196,놀이터,놀이터,공원,37.400531,127.114819,삼평동,분당구,로봇전용,0.541,True,#AB47BC
197,Homeplus Express,Homeplus Express,대형마트,37.374649,127.118256,수내1동,분당구,로봇전용,0.541,True,#FFA726
198,Mono Mart,Mono Mart,대형마트,37.374884,127.117951,수내1동,분당구,로봇전용,0.541,True,#FFA726
199,봇들어린이공원,봇들어린이공원,공원,37.399561,127.118404,삼평동,분당구,로봇전용,0.539,True,#AB47BC
200,저류지,저류지,공원,37.398388,127.118446,삼평동,분당구,로봇전용,0.539,True,#AB47BC
201,학생정원,학생정원,공원,37.400028,127.11611,삼평동,분당구,로봇전용,0.538,True,#AB47BC
202,화랑공원,화랑공원,공원,37.39741,127.105023,삼평동,분당구,로봇전용,0.537,True,#AB47BC
203,공원,nan,공원,37.402339,127.113251,삼평동,분당구,로봇전용,0.535,True,#AB47BC
204,공원,nan,공원,37.401762,127.114988,삼평동,분당구,로봇전용,0.535,True,#AB47BC
205,놀이터,놀이터,공원,37.401246,127.114858,삼평동,분당구,로봇전용,0.535,True,#AB47BC
206,공원,nan,공원,37.402149,127.1181,삼평동,분당구,로봇전용,0.535,True,#AB47BC
207,낙생농협마트 미금지점,낙생농협마트 미금지점,대형마트,37.349788,127.111197,구미1동,분당구,로봇전용,0.534,True,#FFA726
208,주민두레생협 미금점,주민두레생협 미금점,대형마트,37.350279,127.111774,구미1동,분당구,로봇전용,0.534,True,#FFA726
209,공원,nan,공원,37.394751,127.119361,삼평동,분당구,로봇전용,0.534,True,#AB47BC
210,공원,nan,공원,37.395278,127.119836,삼평동,분당구,로봇전용,0.534,True,#AB47BC
211,봇들저류지 공원,봇들저류지 공원,공원,37.399416,127.110987,삼평동,분당구,로봇전용,0.534,True,#AB47BC
212,공원,nan,공원,37.400757,127.113264,삼평동,분당구,로봇전용,0.534,True,#AB47BC
213,공원,nan,공원,37.402104,127.11137,삼평동,분당구,로봇전용,0.534,True,#AB47BC
214,어울어린이공원,어울어린이공원,공원,37.401688,127.11135,삼평동,분당구,로봇전용,0.534,True,#AB47BC
215,홈플러스 야탑점,홈플러스 야탑점,대형마트,37.413161,127.127354,야탑1동,분당구,로봇전용,0.533,True,#FFA726
216,판교테크노파크 공원,판교테크노파크 공원,공원,37.399029,127.107851,삼평동,분당구,로봇전용,0.533,True,#AB47BC
217,킴스클럽,킴스클럽,대형마트,37.410894,127.127445,야탑1동,분당구,로봇전용,0.532,True,#FFA726
218,2001아울렛 분당점,2001아울렛 분당점,대형마트,37.349015,127.107391,금곡동,분당구,로봇전용,0.531,True,#FFA726
219,도깨비마트,도깨비마트,대형마트,37.350859,127.108426,금곡동,분당구,로봇전용,0.531,True,#FFA726
220,성남시청,성남시청,주민센터,37.420094,127.12661,도촌동,중원구,로봇전용,0.531,True,#66BB6A
221,공원,nan,공원,37.366129,127.107506,정자1동,분당구,로봇전용,0.53,True,#AB47BC
222,공영주차장,nan,공영주차장,37.443623,127.178976,상대원1동,중원구,일반,0.524,True,#42A5F5
223,공영주차장,nan,공영주차장,37.443088,127.178684,상대원1동,중원구,일반,0.524,True,#42A5F5
224,공영주차장,nan,공영주차장,37.44282,127.178584,상대원1동,중원구,일반,0.524,True,#42A5F5
225,공영주차장,nan,공영주차장,37.442926,127.178592,상대원1동,중원구,일반,0.524,True,#42A5F5
226,공영주차장,nan,공영주차장,37.438834,127.168489,상대원1동,중원구,일반,0.523,True,#42A5F5
227,공영주차장,nan,공영주차장,37.445122,127.182408,상대원1동,중원구,일반,0.523,True,#42A5F5
228,공영주차장,nan,공영주차장,37.445274,127.182435,상대원1동,중원구,일반,0.523,True,#42A5F5
229,공영주차장,nan,공영주차장,37.441883,127.178394,상대원1동,중원구,일반,0.523,True,#42A5F5
230,공영주차장,nan,공영주차장,37.442557,127.178569,상대원1동,중원구,일반,0.523,True,#42A5F5
231,공영주차장,nan,공영주차장,37.442761,127.178463,상대원1동,중원구,일반,0.523,True,#42A5F5
232,공영주차장,nan,공영주차장,37.442707,127.178575,상대원1동,중원구,일반,0.523,True,#42A5F5
233,공영주차장,nan,공영주차장,37.442717,127.178331,상대원1동,중원구,일반,0.523,True,#42A5F5
234,공영주차장,nan,공영주차장,37.442584,127.180703,상대원1동,중원구,일반,0.522,True,#42A5F5
235,공영주차장,nan,공영주차장,37.442679,127.180791,상대원1동,중원구,일반,0.522,True,#42A5F5
236,공영주차장,nan,공영주차장,37.442662,127.181717,상대원1동,중원구,일반,0.522,True,#42A5F5
237,공영주차장,nan,공영주차장,37.442654,127.18181,상대원1동,중원구,일반,0.522,True,#42A5F5
238,서현1동 행정복지센터,서현1동 행정복지센터,주민센터,37.382776,127.126037,서현1동,분당구,일반,0.519,True,#66BB6A
239,공영주차장,nan,공영주차장,37.46768,127.138467,위례동,수정구,일반,0.518,True,#42A5F5
240,공영주차장,nan,공영주차장,37.338921,127.10499,구미동,분당구,일반,0.513,True,#42A5F5
241,공영주차장,nan,공영주차장,37.337841,127.106391,구미동,분당구,일반,0.513,True,#42A5F5
242,성남시 판교 생태학습원,성남시 판교 생태학습원,주민센터,37.399577,127.103872,삼평동,분당구,일반,0.513,True,#66BB6A
243,공영주차장,nan,공영주차장,37.356491,127.098769,금곡동,분당구,일반,0.512,True,#42A5F5
244,공영주차장,nan,공영주차장,37.337343,127.10803,구미동,분당구,일반,0.511,True,#42A5F5
245,공영주차장,nan,공영주차장,37.415505,127.13227,야탑1동,분당구,일반,0.51,True,#42A5F5
246,현대백화점 판교점,현대백화점 판교점,대형마트,37.3928,127.111991,백현동,분당구,로봇전용,0.509,True,#FFA726
247,에스마트,에스마트,대형마트,37.387833,127.114935,백현동,분당구,로봇전용,0.508,True,#FFA726
248,공원,nan,공원,37.46905,127.153884,위례동,수정구,로봇전용,0.507,True,#AB47BC
249,공원,nan,공원,37.471121,127.153502,위례동,수정구,로봇전용,0.507,True,#AB47BC
250,공원,nan,공원,37.470022,127.155729,위례동,수정구,로봇전용,0.507,True,#AB47BC
251,공원,nan,공원,37.473178,127.153898,위례동,수정구,로봇전용,0.507,True,#AB47BC
252,공원,nan,공원,37.472355,127.151089,위례동,수정구,로봇전용,0.507,True,#AB47BC
253,공원,nan,공원,37.472842,127.152502,위례동,수정구,로봇전용,0.507,True,#AB47BC
254,공원,nan,공원,37.470813,127.152977,위례동,수정구,로봇전용,0.507,True,#AB47BC
255,공원,nan,공원,37.470507,127.152485,위례동,수정구,로봇전용,0.507,True,#AB47BC
256,공원,nan,공원,37.471165,127.152024,위례동,수정구,로봇전용,0.507,True,#AB47BC
257,학교,nan,학교,37.378584,127.1298,서현1동,분당구,로봇전용,0.507,True,#EF5350
258,황새울공원,황새울공원,공원,37.384117,127.118172,수내1동,분당구,로봇전용,0.506,True,#AB47BC
259,공원,nan,공원,37.466562,127.153238,위례동,수정구,로봇전용,0.506,True,#AB47BC
260,공원,nan,공원,37.468027,127.153484,위례동,수정구,로봇전용,0.506,True,#AB47BC
261,위례역사수변공원,위례역사수변공원,공원,37.469143,127.141479,위례동,수정구,로봇전용,0.506,True,#AB47BC
262,공원,nan,공원,37.469001,127.157499,위례동,수정구,로봇전용,0.505,True,#AB47BC
263,공원,nan,공원,37.46792,127.152568,위례동,수정구,로봇전용,0.504,True,#AB47BC
264,공원,nan,공원,37.469183,127.151111,위례동,수정구,로봇전용,0.504,True,#AB47BC
265,한살림,한살림,대형마트,37.386257,127.111781,백현동,분당구,로봇전용,0.504,True,#FFA726
266,서현고등학교,서현고등학교,학교,37.381465,127.123845,서현1동,분당구,로봇전용,0.504,True,#EF5350
267,홈플러스,홈플러스,대형마트,37.388433,127.115019,백현동,분당구,로봇전용,0.504,True,#FFA726
268,No Brand,No Brand,대형마트,37.395441,127.10906,백현동,분당구,로봇전용,0.504,True,#FFA726
269,공원,nan,공원,37.382972,127.116874,수내1동,분당구,로봇전용,0.503,True,#AB47BC
270,공원,nan,공원,37.466561,127.152783,위례동,수정구,로봇전용,0.503,True,#AB47BC
271,공원,nan,공원,37.466126,127.151022,위례동,수정구,로봇전용,0.503,True,#AB47BC
272,공원,nan,공원,37.466754,127.151463,위례동,수정구,로봇전용,0.503,True,#AB47BC
273,공원,nan,공원,37.465868,127.142175,위례동,수정구,로봇전용,0.503,True,#AB47BC
274,공원,nan,공원,37.472125,127.144765,위례동,수정구,로봇전용,0.502,True,#AB47BC
275,공원,nan,공원,37.470302,127.143252,위례동,수정구,로봇전용,0.502,True,#AB47BC
276,공원,nan,공원,37.471594,127.144659,위례동,수정구,로봇전용,0.502,True,#AB47BC
277,놀이터,놀이터,공원,37.472638,127.144668,위례동,수정구,로봇전용,0.502,True,#AB47BC
278,공원,nan,공원,37.472007,127.14404,위례동,수정구,로봇전용,0.502,True,#AB47BC
279,공원,nan,공원,37.461755,127.145325,위례동,수정구,로봇전용,0.502,True,#AB47BC
280,공원,nan,공원,37.460812,127.147405,위례동,수정구,로봇전용,0.502,True,#AB47BC
281,공원,nan,공원,37.464791,127.144895,위례동,수정구,로봇전용,0.502,True,#AB47BC
282,놀이터,놀이터,공원,37.472605,127.145513,위례동,수정구,로봇전용,0.501,True,#AB47BC
283,공원,nan,공원,37.473189,127.1465,위례동,수정구,로봇전용,0.501,True,#AB47BC
284,공원,nan,공원,37.473091,127.144939,위례동,수정구,로봇전용,0.501,True,#AB47BC
285,공원,nan,공원,37.472641,127.145139,위례동,수정구,로봇전용,0.501,True,#AB47BC
286,공원,nan,공원,37.469534,127.147125,위례동,수정구,로봇전용,0.501,True,#AB47BC
287,공원,nan,공원,37.376082,127.11404,수내1동,분당구,로봇전용,0.501,True,#AB47BC
288,공원,nan,공원,37.374874,127.113804,수내1동,분당구,로봇전용,0.501,True,#AB47BC
289,놀이터,놀이터,공원,37.37828,127.117546,수내1동,분당구,로봇전용,0.501,True,#AB47BC
290,놀이터,놀이터,공원,37.378925,127.119188,수내1동,분당구,로봇전용,0.501,True,#AB47BC
291,서현초등학교,서현초등학교,학교,37.382455,127.128429,서현1동,분당구,로봇전용,0.501,True,#EF5350
292,햇빛어린이공원,햇빛어린이공원,공원,37.374534,127.116823,수내1동,분당구,로봇전용,0.501,True,#AB47BC
293,초림어린이공원,초림어린이공원,공원,37.375338,127.117575,수내1동,분당구,로봇전용,0.501,True,#AB47BC
294,공원,nan,공원,37.37527,127.117512,수내1동,분당구,로봇전용,0.501,True,#AB47BC
295,보물섬어린이공원,보물섬어린이공원,공원,37.383934,127.113138,수내1동,분당구,로봇전용,0.5,True,#AB47BC
296,마루공원,마루공원,공원,37.38217,127.113441,수내1동,분당구,로봇전용,0.5,True,#AB47BC
297,공원,nan,공원,37.47161,127.135599,위례동,수정구,로봇전용,0.5,True,#AB47BC
298,삼평중학교,삼평중학교,학교,37.400432,127.115943,삼평동,분당구,로봇전용,0.498,True,#EF5350
299,이황초등학교 부지,이황초등학교 부지,학교,37.401371,127.115971,삼평동,분당구,로봇전용,0.498,True,#EF5350
300,공원,nan,공원,37.337855,127.110966,구미동,분당구,로봇전용,0.495,True,#AB47BC
301,3단지 신한아파트 놀이터,3단지 신한아파트 놀이터,공원,37.338364,127.113556,구미동,분당구,로봇전용,0.495,True,#AB47BC
302,공원,nan,공원,37.348593,127.113405,구미1동,분당구,로봇전용,0.494,True,#AB47BC
303,꿈동산어린이공원,꿈동산어린이공원,공원,37.414544,127.125999,야탑1동,분당구,로봇전용,0.494,True,#AB47BC
304,공원,nan,공원,37.350376,127.113585,구미1동,분당구,로봇전용,0.494,True,#AB47BC
305,공원,nan,공원,37.350433,127.113419,구미1동,분당구,로봇전용,0.494,True,#AB47BC
306,공원,nan,공원,37.349958,127.113775,구미1동,분당구,로봇전용,0.494,True,#AB47BC
307,신원아파트 놀이터,신원아파트 놀이터,공원,37.348555,127.112199,구미1동,분당구,로봇전용,0.494,True,#AB47BC
308,청솔어린이공원,청솔어린이공원,공원,37.351564,127.110639,금곡동,분당구,로봇전용,0.493,True,#AB47BC
309,공원,nan,공원,37.417395,127.129404,야탑1동,분당구,로봇전용,0.493,True,#AB47BC
310,야탑역 광장,야탑역 광장,공원,37.411766,127.128159,야탑1동,분당구,로봇전용,0.492,True,#AB47BC
311,퐁퐁플라워 미금센터,퐁퐁플라워 미금센터,공원,37.348964,127.110478,구미1동,분당구,로봇전용,0.492,True,#AB47BC
312,공원,nan,공원,37.347501,127.110986,구미1동,분당구,로봇전용,0.492,True,#AB47BC
313,뒷구미어린이공원,뒷구미어린이공원,공원,37.348899,127.111291,구미1동,분당구,로봇전용,0.492,True,#AB47BC
314,공원,nan,공원,37.350851,127.108308,금곡동,분당구,로봇전용,0.491,True,#AB47BC
315,공원,nan,공원,37.350702,127.108631,금곡동,분당구,로봇전용,0.491,True,#AB47BC
316,샘터어린이공원,샘터어린이공원,공원,37.348831,127.118688,구미1동,분당구,로봇전용,0.491,True,#AB47BC
317,공영주차장,nan,공영주차장,37.359516,127.115609,정자3동,분당구,일반,0.489,True,#42A5F5
318,분당도서관 지상주차장,분당도서관 지상주차장,공영주차장,37.358337,127.116432,정자3동,분당구,일반,0.489,True,#42A5F5
319,지하주차장입구,지하주차장입구,공영주차장,37.449488,127.171739,금광2동,중원구,일반,0.473,True,#42A5F5
320,공영주차장,nan,공영주차장,37.405684,127.134903,야탑3동,분당구,일반,0.472,True,#42A5F5
321,공영주차장,nan,공영주차장,37.364162,127.111735,정자동,분당구,일반,0.471,True,#42A5F5
322,공영주차장,nan,공영주차장,37.36309,127.111718,정자동,분당구,일반,0.471,True,#42A5F5
323,공영주차장,nan,공영주차장,37.364,127.110644,정자동,분당구,일반,0.471,True,#42A5F5
324,물방울어린이공원,물방울어린이공원,공원,37.386787,127.115869,백현동,분당구,로봇전용,0.47,True,#AB47BC
325,야탑1동 행정복지센터,야탑1동 행정복지센터,주민센터,37.412028,127.130252,야탑1동,분당구,일반,0.47,True,#66BB6A
326,공영주차장,nan,공영주차장,37.364857,127.111741,정자동,분당구,일반,0.47,True,#42A5F5
327,공영주차장,nan,공영주차장,37.366459,127.112106,정자동,분당구,일반,0.47,True,#42A5F5
328,공영주차장,nan,공영주차장,37.365462,127.112859,정자동,분당구,일반,0.47,True,#42A5F5
329,공영주차장,nan,공영주차장,37.366765,127.111252,정자동,분당구,일반,0.47,True,#42A5F5
330,공영주차장,nan,공영주차장,37.365489,127.111932,정자동,분당구,일반,0.47,True,#42A5F5
331,공영주차장,nan,공영주차장,37.364916,127.112966,정자동,분당구,일반,0.47,True,#42A5F5
332,공영주차장,nan,공영주차장,37.366643,127.112565,정자동,분당구,일반,0.47,True,#42A5F5
333,공영주차장,nan,공영주차장,37.466594,127.127303,복정동,수정구,일반,0.469,True,#42A5F5
334,공영주차장,nan,공영주차장,37.46792,127.127143,복정동,수정구,일반,0.469,True,#42A5F5
335,공영주차장,nan,공영주차장,37.364024,127.113954,정자동,분당구,일반,0.469,True,#42A5F5
336,공영주차장,nan,공영주차장,37.364154,127.112983,정자동,분당구,일반,0.469,True,#42A5F5
337,공영주차장,nan,공영주차장,37.364593,127.113985,정자동,분당구,일반,0.469,True,#42A5F5
338,공영주차장,nan,공영주차장,37.367974,127.110747,정자동,분당구,일반,0.468,True,#42A5F5
339,공영주차장,nan,공영주차장,37.365616,127.113921,정자동,분당구,일반,0.468,True,#42A5F5
340,공영주차장,nan,공영주차장,37.367974,127.11395,정자동,분당구,일반,0.468,True,#42A5F5
341,공영주차장,nan,공영주차장,37.366626,127.113905,정자동,분당구,일반,0.468,True,#42A5F5
342,낙생대공원 체육시설,낙생대공원 체육시설,공원,37.386086,127.104235,백현동,분당구,로봇전용,0.468,True,#AB47BC
343,나들이공원,나들이공원,공원,37.394871,127.11773,백현동,분당구,로봇전용,0.466,True,#AB47BC
344,학교,nan,학교,37.471735,127.138168,위례동,수정구,로봇전용,0.466,True,#EF5350
345,숲안어린이공원,숲안어린이공원,공원,37.388981,127.115918,백현동,분당구,로봇전용,0.464,True,#AB47BC
346,공원,nan,공원,37.39462,127.107645,백현동,분당구,로봇전용,0.464,True,#AB47BC
347,모자이크파크,모자이크파크,공원,37.394615,127.108971,백현동,분당구,로봇전용,0.464,True,#AB47BC
348,정자목어린이공원,정자목어린이공원,공원,37.384935,127.110553,백현동,분당구,로봇전용,0.464,True,#AB47BC
349,위례한빛중학교,위례한빛중학교,학교,37.467808,127.148766,위례동,수정구,로봇전용,0.463,True,#EF5350
350,위례한빛고등학교,위례한빛고등학교,학교,37.467072,127.150024,위례동,수정구,로봇전용,0.463,True,#EF5350
351,위례고운초등학교,위례고운초등학교,학교,37.471273,127.146009,위례동,수정구,로봇전용,0.461,True,#EF5350
352,학교,nan,학교,37.375113,127.116185,수내1동,분당구,로봇전용,0.461,True,#EF5350
353,학교,nan,학교,37.376682,127.117891,수내1동,분당구,로봇전용,0.461,True,#EF5350
354,위례푸른초등학교,위례푸른초등학교,학교,37.470494,127.15108,위례동,수정구,로봇전용,0.46,True,#EF5350
355,위례중앙초등학교,위례중앙초등학교,학교,37.47182,127.13606,위례동,수정구,로봇전용,0.46,True,#EF5350
356,공영주차장,nan,공영주차장,37.398232,127.126014,이매1동,분당구,일반,0.46,True,#42A5F5
357,공영주차장,nan,공영주차장,37.410324,127.124832,야탑2동,분당구,일반,0.458,True,#42A5F5
358,공영주차장,nan,공영주차장,37.387991,127.128201,이매1동,분당구,일반,0.456,True,#42A5F5
359,공영주차장,nan,공영주차장,37.389727,127.099912,판교동,분당구,일반,0.456,True,#42A5F5
360,공영주차장,nan,공영주차장,37.389057,127.098,판교동,분당구,일반,0.456,True,#42A5F5
361,판교제2공영주차장,판교제2공영주차장,공영주차장,37.390397,127.098533,판교동,분당구,일반,0.456,True,#42A5F5
362,야탑초등학교,야탑초등학교,학교,37.416244,127.125896,야탑1동,분당구,로봇전용,0.454,True,#EF5350
363,공영주차장,nan,공영주차장,37.401561,127.127438,이매1동,분당구,일반,0.454,True,#42A5F5
364,공영주차장,nan,공영주차장,37.400989,127.12748,이매1동,분당구,일반,0.454,True,#42A5F5
365,공영주차장,nan,공영주차장,37.402791,127.127306,이매1동,분당구,일반,0.454,True,#42A5F5
366,한아름어린이공원,한아름어린이공원,공원,37.417803,127.125957,도촌동,중원구,로봇전용,0.453,True,#AB47BC
367,공원,nan,공원,37.41779,127.126638,도촌동,중원구,로봇전용,0.453,True,#AB47BC
368,공영주차장,nan,공영주차장,37.373608,127.14742,분당동,분당구,일반,0.453,True,#42A5F5
369,공원,nan,공원,37.465175,127.129231,복정동,수정구,로봇전용,0.452,True,#AB47BC
370,기왓골어린이공원,기왓골어린이공원,공원,37.464172,127.12789,복정동,수정구,로봇전용,0.452,True,#AB47BC
371,Pagoda,Pagoda,공원,37.465978,127.128622,복정동,수정구,로봇전용,0.452,True,#AB47BC
372,기왓골공원,기왓골공원,공원,37.464112,127.127978,복정동,수정구,로봇전용,0.452,True,#AB47BC
373,성남여수지구시청공원,성남여수지구시청공원,공원,37.419089,127.123937,도촌동,중원구,로봇전용,0.452,True,#AB47BC
374,공영주차장,nan,공영주차장,37.389204,127.140353,이매1동,분당구,일반,0.452,True,#42A5F5
375,공영주차장,nan,공영주차장,37.373727,127.153555,분당동,분당구,일반,0.451,True,#42A5F5
376,공영주차장,nan,공영주차장,37.372651,127.155951,분당동,분당구,일반,0.45,True,#42A5F5
377,공영주차장,nan,공영주차장,37.371618,127.148261,분당동,분당구,일반,0.45,True,#42A5F5
378,공영주차장,nan,공영주차장,37.371612,127.148669,분당동,분당구,일반,0.45,True,#42A5F5
379,서현어린이공원,서현어린이공원,공원,37.381975,127.127095,서현1동,분당구,일반,0.439,True,#AB47BC
380,솔밭어린이공원,솔밭어린이공원,공원,37.384484,127.130518,서현1동,분당구,일반,0.439,True,#AB47BC
381,공영주차장,nan,공영주차장,37.399582,127.121725,이매2동,분당구,일반,0.437,True,#42A5F5
382,공영주차장,nan,공영주차장,37.39941,127.121756,이매2동,분당구,일반,0.437,True,#42A5F5
383,분당 중앙공원 B 주차장,분당 중앙공원 B 주차장,공영주차장,37.375983,127.121521,수내2동,분당구,일반,0.437,True,#42A5F5
384,우리생협 위례본점,우리생협 위례본점,대형마트,37.466245,127.136606,위례동,수정구,일반,0.435,True,#FFA726
385,야탑3동 행정복지센터,야탑3동 행정복지센터,주민센터,37.410791,127.13791,야탑3동,분당구,일반,0.434,True,#66BB6A
386,하나로마트,하나로마트,대형마트,37.338845,127.106706,구미동,분당구,일반,0.433,True,#FFA726
387,송현어린이공원,송현어린이공원,공원,37.404534,127.115068,삼평동,분당구,일반,0.433,True,#AB47BC
388,공원,nan,공원,37.404493,127.115026,삼평동,분당구,일반,0.433,True,#AB47BC
389,봇들공원,봇들공원,공원,37.406071,127.107284,삼평동,분당구,일반,0.432,True,#AB47BC
390,달팽이어린이공원,달팽이어린이공원,공원,37.404351,127.108018,삼평동,분당구,일반,0.432,True,#AB47BC
391,송현공원,송현공원,공원,37.40891,127.117058,삼평동,분당구,일반,0.432,True,#AB47BC
392,환상어린이공원,환상어린이공원,공원,37.401622,127.102143,삼평동,분당구,일반,0.431,True,#AB47BC
393,정자동 행정복지센터,정자동 행정복지센터,주민센터,37.361469,127.111533,정자동,분당구,일반,0.431,True,#66BB6A
394,공원,nan,공원,37.406765,127.112375,삼평동,분당구,일반,0.429,True,#AB47BC
395,우주공원,우주공원,공원,37.404031,127.101352,삼평동,분당구,일반,0.429,True,#AB47BC
396,공영주차장,nan,공영주차장,37.456646,127.150764,산성동,수정구,일반,0.428,True,#42A5F5
397,정자2동 행정복지센터,정자2동 행정복지센터,주민센터,37.365991,127.115274,정자동,분당구,일반,0.428,True,#66BB6A
398,공영,공영,공영주차장,37.458186,127.154462,산성동,수정구,일반,0.428,True,#42A5F5
399,공영주차장,nan,공영주차장,37.461117,127.155098,산성동,수정구,일반,0.428,True,#42A5F5
400,이마트24,이마트24,대형마트,37.340381,127.109719,구미동,분당구,일반,0.427,True,#FFA726
401,보평중학교,보평중학교,학교,37.393967,127.115997,백현동,분당구,로봇전용,0.426,True,#EF5350
402,보평초등학교,보평초등학교,학교,37.395662,127.117731,백현동,분당구,로봇전용,0.426,True,#EF5350
403,신백현중학교,신백현중학교,학교,37.385912,127.110259,백현동,분당구,로봇전용,0.424,True,#EF5350
404,신백현초등학교,신백현초등학교,학교,37.387237,127.111986,백현동,분당구,로봇전용,0.424,True,#EF5350
405,화랑초등학교,화랑초등학교,학교,37.389888,127.116057,백현동,분당구,로봇전용,0.424,True,#EF5350
406,보평고등학교,보평고등학교,학교,37.393948,127.117744,백현동,분당구,로봇전용,0.424,True,#EF5350
407,이매1동 행정복지센터,이매1동 행정복지센터,주민센터,37.399554,127.127155,이매1동,분당구,일반,0.419,True,#66BB6A
408,야탑2동 행정복지센터,야탑2동 행정복지센터,주민센터,37.409429,127.127365,야탑2동,분당구,일반,0.418,True,#66BB6A
409,판교동 행정복지센터,판교동 행정복지센터,주민센터,37.38995,127.098602,판교동,분당구,일반,0.416,True,#66BB6A
410,서울국제학교,서울국제학교,학교,37.465654,127.129022,복정동,수정구,로봇전용,0.412,True,#EF5350
411,늘푸른초등학교,늘푸른초등학교,학교,37.358024,127.105194,정자1동,분당구,일반,0.411,True,#EF5350
412,늘푸른중학교,늘푸른중학교,학교,37.357192,127.10519,정자1동,분당구,일반,0.411,True,#EF5350
413,사기막골 근린공원,사기막골 근린공원,공원,37.445657,127.182779,상대원1동,중원구,일반,0.404,True,#AB47BC
414,공원,nan,공원,37.442436,127.178307,상대원1동,중원구,일반,0.403,True,#AB47BC
415,공원,nan,공원,37.439301,127.170521,상대원1동,중원구,일반,0.401,True,#AB47BC
416,롯데슈퍼 분당정자점,롯데슈퍼 분당정자점,대형마트,37.362416,127.114575,정자동,분당구,일반,0.4,True,#FFA726
417,공원,nan,공원,37.467805,127.138633,위례동,수정구,일반,0.398,True,#AB47BC
418,공원,nan,공원,37.47184,127.134709,위례동,수정구,일반,0.398,True,#AB47BC
419,공원,nan,공원,37.464656,127.147898,위례동,수정구,일반,0.398,True,#AB47BC
420,이매2동 행정복지센터,이매2동 행정복지센터,주민센터,37.399573,127.12188,이매2동,분당구,일반,0.397,True,#66BB6A
421,수내2동 행정복지센터,수내2동 행정복지센터,주민센터,37.372429,127.120867,수내2동,분당구,일반,0.395,True,#66BB6A
422,판교고등학교,판교고등학교,학교,37.405323,127.11476,삼평동,분당구,일반,0.393,True,#EF5350
423,성남송현초등학교,성남송현초등학교,학교,37.405294,127.116413,삼평동,분당구,일반,0.393,True,#EF5350
424,공원,nan,공원,37.336509,127.108536,구미동,분당구,일반,0.392,True,#AB47BC
425,하나로마트 문화광장,하나로마트 문화광장,공원,37.338662,127.108445,구미동,분당구,일반,0.392,True,#AB47BC
426,공원,nan,공원,37.337898,127.109681,구미동,분당구,일반,0.392,True,#AB47BC
427,동막천산책로,동막천산책로,공원,37.342916,127.107393,구미동,분당구,일반,0.391,True,#AB47BC
428,하늘 어린이공원,하늘 어린이공원,공원,37.414719,127.130621,야탑1동,분당구,일반,0.39,True,#AB47BC
429,야탑1동공영주차장,야탑1동공영주차장,공원,37.411839,127.132282,야탑1동,분당구,일반,0.39,True,#AB47BC
430,불곡어린이공원,불곡어린이공원,공원,37.344721,127.126581,구미동,분당구,일반,0.389,True,#AB47BC
431,정동마트,정동마트,대형마트,37.365281,127.114508,정자동,분당구,일반,0.388,True,#FFA726
432,공원,nan,공원,37.339672,127.109944,구미동,분당구,일반,0.387,True,#AB47BC
433,무지개로 공원,무지개로 공원,공원,37.339919,127.110982,구미동,분당구,일반,0.387,True,#AB47BC
434,야생화어린이공원,야생화어린이공원,공원,37.351537,127.106642,금곡동,분당구,일반,0.385,True,#AB47BC
435,Home plus Express,Home plus Express,대형마트,37.405202,127.121999,야탑2동,분당구,일반,0.377,True,#FFA726
436,하나로마트,하나로마트,대형마트,37.389859,127.098306,판교동,분당구,일반,0.376,True,#FFA726
437,홈플러스 익스프레스,홈플러스 익스프레스,대형마트,37.365432,127.115075,정자2동,분당구,일반,0.37,True,#FFA726
438,705동 놀이터,705동 놀이터,공원,37.360162,127.115165,정자3동,분당구,일반,0.369,True,#AB47BC
439,공원,nan,공원,37.394735,127.11491,백현동,분당구,일반,0.363,True,#AB47BC
440,상대원 초등학교,상대원 초등학교,학교,37.442186,127.181269,상대원1동,중원구,일반,0.362,True,#EF5350
441,봉우재어린이공원,봉우재어린이공원,공원,37.361162,127.112509,정자동,분당구,일반,0.359,True,#AB47BC
442,노브랜드,노브랜드,대형마트,37.399385,127.122329,이매2동,분당구,일반,0.357,True,#FFA726
443,싱싱마트,싱싱마트,대형마트,37.405206,127.121233,이매2동,분당구,일반,0.357,True,#FFA726
444,싱싱마트,싱싱마트,대형마트,37.405136,127.12113,이매2동,분당구,일반,0.357,True,#FFA726
445,정동마트,정동마트,대형마트,37.372613,127.120469,수내2동,분당구,일반,0.355,True,#FFA726
446,위례한빛초등학교,위례한빛초등학교,학교,37.465628,127.146981,위례동,수정구,일반,0.354,True,#EF5350
447,공원,nan,공원,37.368283,127.110153,정자동,분당구,일반,0.354,True,#AB47BC
448,공원,nan,공원,37.411749,127.136222,야탑3동,분당구,일반,0.354,True,#AB47BC
449,공원,nan,공원,37.367624,127.073467,운중동,분당구,일반,0.354,True,#AB47BC
450,공원,nan,공원,37.367357,127.074296,운중동,분당구,일반,0.354,True,#AB47BC
451,매향 어린이공원,매향 어린이공원,공원,37.414635,127.137687,야탑3동,분당구,일반,0.353,True,#AB47BC
452,공원,nan,공원,37.450064,127.172477,금광2동,중원구,일반,0.35,True,#AB47BC
453,공원,nan,공원,37.450763,127.172169,금광2동,중원구,일반,0.35,True,#AB47BC
454,느티마을어린이공원,느티마을어린이공원,공원,37.366257,127.111789,정자동,분당구,일반,0.35,True,#AB47BC
455,공원,nan,공원,37.36592,127.112626,정자동,분당구,일반,0.35,True,#AB47BC
456,놀이터,놀이터,공원,37.366339,127.112746,정자동,분당구,일반,0.35,True,#AB47BC
457,복정어린이공원,복정어린이공원,공원,37.467706,127.127871,복정동,수정구,일반,0.349,True,#AB47BC
458,공원,nan,공원,37.3687,127.113784,정자동,분당구,일반,0.349,True,#AB47BC
459,공원,nan,공원,37.368305,127.114451,정자동,분당구,일반,0.349,True,#AB47BC
460,공원,nan,공원,37.369118,127.114578,정자동,분당구,일반,0.349,True,#AB47BC
461,공원,nan,공원,37.363776,127.114453,정자동,분당구,일반,0.348,True,#AB47BC
462,공원,nan,공원,37.364513,127.112578,정자동,분당구,일반,0.348,True,#AB47BC
463,공원,nan,공원,37.368299,127.111704,정자동,분당구,일반,0.348,True,#AB47BC
464,공원,nan,공원,37.367994,127.11264,정자동,분당구,일반,0.348,True,#AB47BC
465,백현어린이공원,백현어린이공원,공원,37.371196,127.112325,정자동,분당구,일반,0.347,True,#AB47BC
466,공원,nan,공원,37.369092,127.073361,운중동,분당구,일반,0.347,True,#AB47BC
467,공원,nan,공원,37.368282,127.071542,운중동,분당구,일반,0.347,True,#AB47BC
468,공원,nan,공원,37.368013,127.07345,운중동,분당구,일반,0.347,True,#AB47BC
469,공원,nan,공원,37.369326,127.072572,운중동,분당구,일반,0.347,True,#AB47BC
470,공원,nan,공원,37.466465,127.129632,복정동,수정구,일반,0.346,True,#AB47BC
471,TIGER Gym,TIGER Gym,공원,37.465972,127.129498,복정동,수정구,일반,0.346,True,#AB47BC
472,Atrium,Atrium,공원,37.466316,127.128871,복정동,수정구,일반,0.346,True,#AB47BC
473,공원,nan,공원,37.418588,127.131339,도촌동,중원구,일반,0.346,True,#AB47BC
474,공원,nan,공원,37.41779,127.132292,도촌동,중원구,일반,0.346,True,#AB47BC
475,공원,nan,공원,37.417371,127.133229,도촌동,중원구,일반,0.346,True,#AB47BC
476,공원,nan,공원,37.419688,127.131555,도촌동,중원구,일반,0.344,True,#AB47BC
477,연꽃 어린이공원,연꽃 어린이공원,공원,37.415302,127.137378,도촌동,중원구,일반,0.344,True,#AB47BC
478,매화1단지 놀이터,매화1단지 놀이터,공원,37.415864,127.135675,도촌동,중원구,일반,0.344,True,#AB47BC
479,공원,nan,공원,37.417647,127.13637,도촌동,중원구,일반,0.344,True,#AB47BC
480,공원,nan,공원,37.418273,127.133213,도촌동,중원구,일반,0.342,True,#AB47BC
481,공원,nan,공원,37.392247,127.125043,이매1동,분당구,일반,0.342,True,#AB47BC
482,공원,nan,공원,37.419064,127.136476,도촌동,중원구,일반,0.341,True,#AB47BC
483,방아다리어린이공원,방아다리어린이공원,공원,37.397758,127.1258,이매1동,분당구,일반,0.34,True,#AB47BC
484,공원,nan,공원,37.361609,127.120891,정자3동,분당구,일반,0.34,True,#AB47BC
485,정든어린이공원,정든어린이공원,공원,37.361575,127.116512,정자3동,분당구,일반,0.339,True,#AB47BC
486,누엣길어린이공원,누엣길어린이공원,공원,37.389833,127.125608,이매1동,분당구,일반,0.338,True,#AB47BC
487,공원,nan,공원,37.389846,127.126633,이매1동,분당구,일반,0.337,True,#AB47BC
488,동부코오롱아파트 놀이터,동부코오롱아파트 놀이터,공원,37.390796,127.125738,이매1동,분당구,일반,0.337,True,#AB47BC
489,공원,nan,공원,37.363764,127.118477,정자3동,분당구,일반,0.337,True,#AB47BC
490,종달새어린이공원,종달새어린이공원,공원,37.406467,127.123274,야탑2동,분당구,일반,0.337,True,#AB47BC
491,공원,nan,공원,37.388753,127.097115,판교동,분당구,일반,0.336,True,#AB47BC
492,너른들 어린이공원,너른들 어린이공원,공원,37.390152,127.099166,판교동,분당구,일반,0.336,True,#AB47BC
493,공원,nan,공원,37.407928,127.12701,야탑2동,분당구,일반,0.335,True,#AB47BC
494,공원,nan,공원,37.40731,127.126983,야탑2동,분당구,일반,0.335,True,#AB47BC
495,과수원어린이공원,과수원어린이공원,공원,37.402404,127.125956,이매1동,분당구,일반,0.334,True,#AB47BC
496,봄볕 어린이공원,봄볕 어린이공원,공원,37.398314,127.097351,판교동,분당구,일반,0.334,True,#AB47BC
497,미르어린이공원,미르어린이공원,공원,37.394958,127.09915,판교동,분당구,일반,0.333,True,#AB47BC
498,낙생어린이공원,낙생어린이공원,공원,37.38687,127.100237,판교동,분당구,일반,0.333,True,#AB47BC
499,능골공원,능골공원,공원,37.370341,127.11661,정자2동,분당구,일반,0.331,True,#AB47BC
500,공원,nan,공원,37.367761,127.115613,정자2동,분당구,일반,0.331,True,#AB47BC
501,4단지내 놀이터,4단지내 놀이터,공원,37.36777,127.117918,정자2동,분당구,일반,0.331,True,#AB47BC
502,공원,nan,공원,37.367847,127.116485,정자2동,분당구,일반,0.331,True,#AB47BC
503,공원,nan,공원,37.390906,127.096383,판교동,분당구,일반,0.331,True,#AB47BC
504,한솔 어린이 공원,한솔 어린이 공원,공원,37.366639,127.116925,정자2동,분당구,일반,0.331,True,#AB47BC
505,공원,nan,공원,37.368742,127.116555,정자2동,분당구,일반,0.331,True,#AB47BC
506,양영 놀이터,양영 놀이터,공원,37.373703,127.138938,서현2동,분당구,일반,0.33,True,#AB47BC
507,양영어린이공원,양영어린이공원,공원,37.373389,127.13931,서현2동,분당구,일반,0.33,True,#AB47BC
508,철쭉 어린이공원,철쭉 어린이공원,공원,37.366306,127.122309,정자2동,분당구,일반,0.33,True,#AB47BC
509,공원,nan,공원,37.364019,127.116954,정자2동,분당구,일반,0.33,True,#AB47BC
510,공원,nan,공원,37.364906,127.118329,정자2동,분당구,일반,0.33,True,#AB47BC
511,수련어린이공원,수련어린이공원,공원,37.372431,127.140574,분당동,분당구,일반,0.33,True,#AB47BC
512,계원예술고등학교,계원예술고등학교,학교,37.359011,127.116015,정자3동,분당구,일반,0.329,True,#EF5350
513,안말어린이공원,안말어린이공원,공원,37.372638,127.143128,분당동,분당구,일반,0.329,True,#AB47BC
514,점골어린이공원,점골어린이공원,공원,37.377305,127.140354,서현2동,분당구,일반,0.326,True,#AB47BC
515,황송공원,황송공원,공원,37.444578,127.174312,금광1동,중원구,일반,0.324,True,#AB47BC
516,이매길어린이공원,이매길어린이공원,공원,37.393153,127.121933,이매2동,분당구,일반,0.319,True,#AB47BC
517,아름어린이공원,아름어린이공원,공원,37.402527,127.122969,이매2동,분당구,일반,0.318,True,#AB47BC
518,수내 어린이 공원,수내 어린이 공원,공원,37.364661,127.128237,수내3동,분당구,일반,0.318,True,#AB47BC
519,놀이터,놀이터,공원,37.405183,127.119754,이매2동,분당구,일반,0.317,True,#AB47BC
520,중앙공원,중앙공원,공원,37.376881,127.124193,수내2동,분당구,일반,0.316,True,#AB47BC
521,매송어린이공원,매송어린이공원,공원,37.397618,127.122954,이매2동,분당구,일반,0.316,True,#AB47BC
522,공원,nan,공원,37.372195,127.121557,수내2동,분당구,일반,0.316,True,#AB47BC
523,내정어린이공원,내정어린이공원,공원,37.372043,127.121429,수내2동,분당구,일반,0.316,True,#AB47BC
524,성남신기초등학교,성남신기초등학교,학교,37.3667,127.110499,정자동,분당구,일반,0.314,True,#EF5350
525,숭신여고,숭신여고,학교,37.449646,127.170283,금광2동,중원구,일반,0.313,True,#EF5350
526,아람고등학교,아람고등학교,학교,37.413804,127.138101,야탑3동,분당구,일반,0.313,True,#EF5350
527,태원고등학교,태원고등학교,학교,37.403338,127.129641,야탑3동,분당구,일반,0.311,True,#EF5350
528,중탑초등학교,중탑초등학교,학교,37.413651,127.139469,야탑3동,분당구,일반,0.311,True,#EF5350
529,자혜공원,자혜공원,공원,37.451356,127.171115,은행1동,중원구,일반,0.31,True,#AB47BC
530,정자중학교,정자중학교,학교,37.365546,127.110514,정자동,분당구,일반,0.31,True,#EF5350
531,9호관 쪽문,9호관 쪽문,학교,37.460205,127.130794,복정동,수정구,일반,0.308,True,#EF5350
532,5호관 후문,5호관 후문,학교,37.460419,127.130809,복정동,수정구,일반,0.308,True,#EF5350
533,한솔고등학교,한솔고등학교,학교,37.366637,127.115728,정자동,분당구,일반,0.308,True,#EF5350
534,공원,nan,공원,37.457451,127.150246,산성동,수정구,일반,0.308,True,#AB47BC
535,복정초등학교,복정초등학교,학교,37.462255,127.129539,복정동,수정구,일반,0.308,True,#EF5350
536,백현초등학교,백현초등학교,학교,37.371921,127.111354,정자동,분당구,일반,0.307,True,#EF5350
537,서울국제학교,서울국제학교,학교,37.466208,127.129051,복정동,수정구,일반,0.306,True,#EF5350
538,복정고등학교,복정고등학교,학교,37.461315,127.137311,복정동,수정구,일반,0.306,True,#EF5350
539,야탑중학교,야탑중학교,학교,37.416279,127.131567,도촌동,중원구,일반,0.306,True,#EF5350
540,학교,nan,학교,37.416145,127.131508,도촌동,중원구,일반,0.306,True,#EF5350
541,성남여수초등학교,성남여수초등학교,학교,37.419363,127.133197,도촌동,중원구,일반,0.304,True,#EF5350
542,안말초등학교,안말초등학교,학교,37.392876,127.125645,이매1동,분당구,일반,0.302,True,#EF5350
543,학교,nan,학교,37.361657,127.119984,정자3동,분당구,일반,0.3,True,#EF5350
544,이매중학교,이매중학교,학교,37.401554,127.126088,이매1동,분당구,일반,0.299,True,#EF5350
545,하탑초등학교,하탑초등학교,학교,37.407162,127.126146,야탑2동,분당구,일반,0.299,True,#EF5350
546,탄천초등학교,탄천초등학교,학교,37.361598,127.115654,정자3동,분당구,일반,0.299,True,#EF5350
547,이매초등학교,이매초등학교,학교,37.396706,127.126076,이매1동,분당구,일반,0.296,True,#EF5350
548,학교,nan,학교,37.392119,127.130773,이매1동,분당구,일반,0.294,True,#EF5350
549,낙생고등학교,낙생고등학교,학교,37.386604,127.101018,판교동,분당구,일반,0.293,True,#EF5350
550,낙원중학교,낙원중학교,학교,37.399058,127.096504,판교동,분당구,일반,0.292,True,#EF5350
551,돌마초등학교,돌마초등학교,학교,37.408998,127.130102,야탑2동,분당구,일반,0.292,True,#EF5350
552,송림중학교,송림중학교,학교,37.392157,127.131753,이매1동,분당구,일반,0.291,True,#EF5350
553,하탑중학교,하탑중학교,학교,37.40877,127.137363,야탑2동,분당구,일반,0.291,True,#EF5350
554,낙생초등학교,낙생초등학교,학교,37.394097,127.099048,판교동,분당구,일반,0.29,True,#EF5350
555,양영초등학교,양영초등학교,학교,37.374472,127.139388,서현2동,분당구,일반,0.29,True,#EF5350
556,양영중학교,양영중학교,학교,37.37644,127.136029,서현2동,분당구,일반,0.29,True,#EF5350
557,성남장안초등학교,성남장안초등학교,학교,37.37229,127.144063,분당동,분당구,일반,0.289,True,#EF5350
558,장안중학교,장안중학교,학교,37.371278,127.146646,분당동,분당구,일반,0.288,True,#EF5350
559,양영디지털고등학교,양영디지털고등학교,학교,37.37357,127.140519,서현2동,분당구,일반,0.287,True,#EF5350
560,한솔초등학교,한솔초등학교,학교,37.366648,127.118003,정자2동,분당구,일반,0.287,True,#EF5350
561,문원중학교,문원중학교,학교,37.460704,127.15734,단대동,수정구,일반,0.281,True,#EF5350
562,학교,nan,학교,37.447058,127.172197,금광1동,중원구,일반,0.281,True,#EF5350
563,학교,nan,학교,37.446584,127.169846,금광1동,중원구,일반,0.281,True,#EF5350
564,학교,nan,학교,37.44684,127.171073,금광1동,중원구,일반,0.281,True,#EF5350
565,이매고등학교,이매고등학교,학교,37.392382,127.12143,이매2동,분당구,일반,0.281,True,#EF5350
566,성남매송초등학교,성남매송초등학교,학교,37.401637,127.122879,이매2동,분당구,일반,0.278,True,#EF5350
567,매송중학교,매송중학교,학교,37.396783,127.122839,이매2동,분당구,일반,0.276,True,#EF5350
568,학교,nan,학교,37.372879,127.122044,수내2동,분당구,일반,0.276,True,#EF5350
569,학교,nan,학교,37.457375,127.151705,산성동,수정구,일반,0.268,True,#EF5350
570,창성중학교,창성중학교,학교,37.460282,127.15324,산성동,수정구,일반,0.268,True,#EF5350
