scenario_id,scenario_label_kr,airspace_mode,lot_id,lot_name,lat,lon,site_GU_NM,site_ADM_NM,selected_order,assigned_Ds_sum,coverage_cell_count,route_feasibility,approval_required_routes,candidate_score,hub_explanation
S001,공역+장애물+소음+로봇접근+기상 (승인허용),approval_required_allowed,206-3-000001,분당구청 부설주차장,37.38262,127.11896,분당구,수내1동,1,18.5653,58,0.82629,58,0.69271,RFI=0.881 | Ds=18.57 | 58셀 | RFI순위#1 | 경로타당성83%
S001,공역+장애물+소음+로봇접근+기상 (승인허용),approval_required_allowed,206-2-000020,백현동카페거리공영주차장,37.38545,127.11199,분당구,백현동,2,21.2425,60,0.78124,60,0.61974,RFI=0.851 | Ds=21.24 | 60셀 | RFI순위#2 | 경로타당성78%
S001,공역+장애물+소음+로봇접근+기상 (승인허용),approval_required_allowed,206-2-000011,수내역환승,37.37928,127.11886,분당구,수내1동,3,18.665,60,0.7752,60,0.69279,RFI=0.830 | Ds=18.66 | 60셀 | RFI순위#3 | 경로타당성78%
S001,공역+장애물+소음+로봇접근+기상 (승인허용),approval_required_allowed,205-2-000001,대원천,37.42891,127.12015,중원구,성남동,4,13.9972,60,0.85268,60,0.54402,RFI=0.782 | Ds=14.00 | 60셀 | RFI순위#4 | 경로타당성85%
S001,공역+장애물+소음+로봇접근+기상 (승인허용),approval_required_allowed,205-2-000002,성남동 대형,37.42891,127.12012,중원구,성남동,5,13.9972,60,0.85249,60,0.58517,RFI=0.781 | Ds=14.00 | 60셀 | RFI순위#5 | 경로타당성85%
S001,공역+장애물+소음+로봇접근+기상 (승인허용),approval_required_allowed,206-2-000007,정자역환승,37.36575,127.10733,분당구,정자1동,6,17.0838,58,0.78547,58,0.59838,RFI=0.781 | Ds=17.08 | 58셀 | RFI순위#6 | 경로타당성79%
S002,공역+장애물+소음+로봇접근+기상 (엄격제외),strict_exclusion,206-3-000007,구미도서관,37.34553,127.10769,분당구,구미1동,1,13.4586,48,0.7626,0,0.48579,RFI=0.721 | Ds=13.46 | 48셀 | RFI순위#1 | 경로타당성76%
S002,공역+장애물+소음+로봇접근+기상 (엄격제외),strict_exclusion,206-2-000009,금곡동,37.35086,127.10686,분당구,금곡동,2,17.2731,57,0.69945,0,0.50197,RFI=0.600 | Ds=17.27 | 57셀 | RFI순위#2 | 경로타당성70%
S002,공역+장애물+소음+로봇접근+기상 (엄격제외),strict_exclusion,206-2-000008,오리환승,37.33971,127.10941,분당구,구미동,3,9.6546,36,0.78196,0,0.51049,RFI=0.485 | Ds=9.65 | 36셀 | RFI순위#3 | 경로타당성78%
S002,공역+장애물+소음+로봇접근+기상 (엄격제외),strict_exclusion,206-3-000004,분당도서관 부설주차장,37.3581,127.11658,분당구,정자3동,4,9.8797,36,0.7302,0,0.55042,RFI=0.305 | Ds=9.88 | 36셀 | RFI순위#4 | 경로타당성73%
S002,공역+장애물+소음+로봇접근+기상 (엄격제외),strict_exclusion,206-2-000006,정자전원마을,37.35922,127.12451,분당구,정자3동,5,8.0955,31,0.71936,0,0.535,RFI=0.163 | Ds=8.10 | 31셀 | RFI순위#5 | 경로타당성72%
S002,공역+장애물+소음+로봇접근+기상 (엄격제외),strict_exclusion,205-2-000028,해오름,37.44109,127.15909,중원구,금광1동,6,0.0,0,0.5,0,0.50109,RFI=0.000 | Ds=0.00 | 0셀 | RFI순위#6 | 경로타당성50%
S003,공역+장애물+소음+로봇접근 (승인허용),approval_required_allowed,206-3-000001,분당구청 부설주차장,37.38262,127.11896,분당구,수내1동,1,18.8977,58,0.82629,58,0.69271,RFI=0.881 | Ds=18.90 | 58셀 | RFI순위#1 | 경로타당성83%
S003,공역+장애물+소음+로봇접근 (승인허용),approval_required_allowed,206-2-000020,백현동카페거리공영주차장,37.38545,127.11199,분당구,백현동,2,21.6034,60,0.78124,60,0.61974,RFI=0.851 | Ds=21.60 | 60셀 | RFI순위#2 | 경로타당성78%
S003,공역+장애물+소음+로봇접근 (승인허용),approval_required_allowed,206-2-000011,수내역환승,37.37928,127.11886,분당구,수내1동,3,18.9973,60,0.7752,60,0.69279,RFI=0.830 | Ds=19.00 | 60셀 | RFI순위#3 | 경로타당성78%
S003,공역+장애물+소음+로봇접근 (승인허용),approval_required_allowed,205-2-000001,대원천,37.42891,127.12015,중원구,성남동,4,14.2362,60,0.85268,60,0.54402,RFI=0.782 | Ds=14.24 | 60셀 | RFI순위#4 | 경로타당성85%
S003,공역+장애물+소음+로봇접근 (승인허용),approval_required_allowed,206-2-000007,정자역환승,37.36575,127.10733,분당구,정자1동,5,17.3736,58,0.78547,58,0.59838,RFI=0.781 | Ds=17.37 | 58셀 | RFI순위#5 | 경로타당성79%
S003,공역+장애물+소음+로봇접근 (승인허용),approval_required_allowed,205-2-000002,성남동 대형,37.42891,127.12012,중원구,성남동,6,14.2362,60,0.85249,60,0.58517,RFI=0.781 | Ds=14.24 | 60셀 | RFI순위#6 | 경로타당성85%
S004,공역+장애물+소음+로봇접근 (엄격제외),strict_exclusion,206-3-000007,구미도서관,37.34553,127.10769,분당구,구미1동,1,13.6551,48,0.7626,0,0.48579,RFI=0.721 | Ds=13.66 | 48셀 | RFI순위#1 | 경로타당성76%
S004,공역+장애물+소음+로봇접근 (엄격제외),strict_exclusion,206-2-000009,금곡동,37.35086,127.10686,분당구,금곡동,2,17.5211,57,0.69945,0,0.50197,RFI=0.600 | Ds=17.52 | 57셀 | RFI순위#2 | 경로타당성70%
S004,공역+장애물+소음+로봇접근 (엄격제외),strict_exclusion,206-2-000008,오리환승,37.33971,127.10941,분당구,구미동,3,9.7962,36,0.78196,0,0.51049,RFI=0.486 | Ds=9.80 | 36셀 | RFI순위#3 | 경로타당성78%
S004,공역+장애물+소음+로봇접근 (엄격제외),strict_exclusion,206-3-000004,분당도서관 부설주차장,37.3581,127.11658,분당구,정자3동,4,10.0271,36,0.7302,0,0.55042,RFI=0.305 | Ds=10.03 | 36셀 | RFI순위#4 | 경로타당성73%
S004,공역+장애물+소음+로봇접근 (엄격제외),strict_exclusion,206-2-000006,정자전원마을,37.35922,127.12451,분당구,정자3동,5,8.2083,31,0.71936,0,0.535,RFI=0.163 | Ds=8.21 | 31셀 | RFI순위#5 | 경로타당성72%
S004,공역+장애물+소음+로봇접근 (엄격제외),strict_exclusion,205-2-000028,해오름,37.44109,127.15909,중원구,금광1동,6,0.0,0,0.5,0,0.50109,RFI=0.000 | Ds=0.00 | 0셀 | RFI순위#6 | 경로타당성50%
S005,공역+장애물+소음+기상 (승인허용),approval_required_allowed,206-3-000001,분당구청 부설주차장,37.38262,127.11896,분당구,수내1동,1,20.5298,58,0.82629,58,0.69271,RFI=0.874 | Ds=20.53 | 58셀 | RFI순위#1 | 경로타당성83%
S005,공역+장애물+소음+기상 (승인허용),approval_required_allowed,206-2-000020,백현동카페거리공영주차장,37.38545,127.11199,분당구,백현동,2,23.3154,60,0.78124,60,0.61974,RFI=0.859 | Ds=23.32 | 60셀 | RFI순위#2 | 경로타당성78%
S005,공역+장애물+소음+기상 (승인허용),approval_required_allowed,206-2-000011,수내역환승,37.37928,127.11886,분당구,수내1동,3,20.5613,60,0.7752,60,0.69279,RFI=0.815 | Ds=20.56 | 60셀 | RFI순위#3 | 경로타당성78%
S005,공역+장애물+소음+기상 (승인허용),approval_required_allowed,205-2-000001,대원천,37.42891,127.12015,중원구,성남동,4,16.7096,60,0.85268,60,0.54402,RFI=0.792 | Ds=16.71 | 60셀 | RFI순위#4 | 경로타당성85%
S005,공역+장애물+소음+기상 (승인허용),approval_required_allowed,205-2-000002,성남동 대형,37.42891,127.12012,중원구,성남동,5,16.7096,60,0.85249,60,0.58517,RFI=0.792 | Ds=16.71 | 60셀 | RFI순위#5 | 경로타당성85%
S005,공역+장애물+소음+기상 (승인허용),approval_required_allowed,205-1-000066,모란5,37.42951,127.12549,중원구,성남동,6,16.7863,58,0.80077,58,0.43353,RFI=0.777 | Ds=16.79 | 58셀 | RFI순위#6 | 경로타당성80%
S006,공역+장애물+소음+기상 (엄격제외),strict_exclusion,206-3-000007,구미도서관,37.34553,127.10769,분당구,구미1동,1,15.476,48,0.7626,0,0.48579,RFI=0.711 | Ds=15.48 | 48셀 | RFI순위#1 | 경로타당성76%
S006,공역+장애물+소음+기상 (엄격제외),strict_exclusion,206-2-000009,금곡동,37.35086,127.10686,분당구,금곡동,2,19.7821,57,0.69945,0,0.50197,RFI=0.600 | Ds=19.78 | 57셀 | RFI순위#2 | 경로타당성70%
S006,공역+장애물+소음+기상 (엄격제외),strict_exclusion,206-2-000008,오리환승,37.33971,127.10941,분당구,구미동,3,11.1176,36,0.78196,0,0.51049,RFI=0.509 | Ds=11.12 | 36셀 | RFI순위#3 | 경로타당성78%
S006,공역+장애물+소음+기상 (엄격제외),strict_exclusion,206-3-000004,분당도서관 부설주차장,37.3581,127.11658,분당구,정자3동,4,11.334,36,0.7302,0,0.55042,RFI=0.294 | Ds=11.33 | 36셀 | RFI순위#4 | 경로타당성73%
S006,공역+장애물+소음+기상 (엄격제외),strict_exclusion,206-2-000006,정자전원마을,37.35922,127.12451,분당구,정자3동,5,9.2813,31,0.71936,0,0.535,RFI=0.168 | Ds=9.28 | 31셀 | RFI순위#5 | 경로타당성72%
S006,공역+장애물+소음+기상 (엄격제외),strict_exclusion,205-2-000028,해오름,37.44109,127.15909,중원구,금광1동,6,0.0,0,0.5,0,0.50109,RFI=0.000 | Ds=0.00 | 0셀 | RFI순위#6 | 경로타당성50%
S007,공역+장애물+소음 (승인허용),approval_required_allowed,206-3-000001,분당구청 부설주차장,37.38262,127.11896,분당구,수내1동,1,20.8628,58,0.82629,58,0.69271,RFI=0.874 | Ds=20.86 | 58셀 | RFI순위#1 | 경로타당성83%
S007,공역+장애물+소음 (승인허용),approval_required_allowed,206-2-000020,백현동카페거리공영주차장,37.38545,127.11199,분당구,백현동,2,23.6764,60,0.78124,60,0.61974,RFI=0.859 | Ds=23.68 | 60셀 | RFI순위#2 | 경로타당성78%
S007,공역+장애물+소음 (승인허용),approval_required_allowed,206-2-000011,수내역환승,37.37928,127.11886,분당구,수내1동,3,20.8939,60,0.7752,60,0.69279,RFI=0.815 | Ds=20.89 | 60셀 | RFI순위#3 | 경로타당성78%
S007,공역+장애물+소음 (승인허용),approval_required_allowed,205-2-000001,대원천,37.42891,127.12015,중원구,성남동,4,16.9492,60,0.85268,60,0.54402,RFI=0.792 | Ds=16.95 | 60셀 | RFI순위#4 | 경로타당성85%
S007,공역+장애물+소음 (승인허용),approval_required_allowed,205-2-000002,성남동 대형,37.42891,127.12012,중원구,성남동,5,16.9492,60,0.85249,60,0.58517,RFI=0.791 | Ds=16.95 | 60셀 | RFI순위#5 | 경로타당성85%
S007,공역+장애물+소음 (승인허용),approval_required_allowed,205-1-000066,모란5,37.42951,127.12549,중원구,성남동,6,17.0351,58,0.80077,58,0.43353,RFI=0.777 | Ds=17.04 | 58셀 | RFI순위#6 | 경로타당성80%
S008,공역+장애물+소음 (엄격제외),strict_exclusion,206-3-000007,구미도서관,37.34553,127.10769,분당구,구미1동,1,15.6729,48,0.7626,0,0.48579,RFI=0.712 | Ds=15.67 | 48셀 | RFI순위#1 | 경로타당성76%
S008,공역+장애물+소음 (엄격제외),strict_exclusion,206-2-000009,금곡동,37.35086,127.10686,분당구,금곡동,2,20.0309,57,0.69945,0,0.50197,RFI=0.600 | Ds=20.03 | 57셀 | RFI순위#2 | 경로타당성70%
S008,공역+장애물+소음 (엄격제외),strict_exclusion,206-2-000008,오리환승,37.33971,127.10941,분당구,구미동,3,11.2593,36,0.78196,0,0.51049,RFI=0.509 | Ds=11.26 | 36셀 | RFI순위#3 | 경로타당성78%
S008,공역+장애물+소음 (엄격제외),strict_exclusion,206-3-000004,분당도서관 부설주차장,37.3581,127.11658,분당구,정자3동,4,11.4814,36,0.7302,0,0.55042,RFI=0.294 | Ds=11.48 | 36셀 | RFI순위#4 | 경로타당성73%
S008,공역+장애물+소음 (엄격제외),strict_exclusion,206-2-000006,정자전원마을,37.35922,127.12451,분당구,정자3동,5,9.3937,31,0.71936,0,0.535,RFI=0.168 | Ds=9.39 | 31셀 | RFI순위#5 | 경로타당성72%
S008,공역+장애물+소음 (엄격제외),strict_exclusion,205-2-000028,해오름,37.44109,127.15909,중원구,금광1동,6,0.0,0,0.5,0,0.50109,RFI=0.000 | Ds=0.00 | 0셀 | RFI순위#6 | 경로타당성50%
S009,공역+장애물+로봇접근+기상 (승인허용),approval_required_allowed,206-3-000001,분당구청 부설주차장,37.38262,127.11896,분당구,수내1동,1,19.13,58,0.82629,58,0.69271,RFI=0.871 | Ds=19.13 | 58셀 | RFI순위#1 | 경로타당성83%
S009,공역+장애물+로봇접근+기상 (승인허용),approval_required_allowed,206-2-000020,백현동카페거리공영주차장,37.38545,127.11199,분당구,백현동,2,21.8958,60,0.78124,60,0.61974,RFI=0.846 | Ds=21.90 | 60셀 | RFI순위#2 | 경로타당성78%
S009,공역+장애물+로봇접근+기상 (승인허용),approval_required_allowed,206-2-000011,수내역환승,37.37928,127.11886,분당구,수내1동,3,19.2378,60,0.7752,60,0.69279,RFI=0.816 | Ds=19.24 | 60셀 | RFI순위#3 | 경로타당성78%
S009,공역+장애물+로봇접근+기상 (승인허용),approval_required_allowed,206-2-000007,정자역환승,37.36575,127.10733,분당구,정자1동,4,17.6596,58,0.78547,58,0.59838,RFI=0.771 | Ds=17.66 | 58셀 | RFI순위#4 | 경로타당성79%
S009,공역+장애물+로봇접근+기상 (승인허용),approval_required_allowed,205-2-000001,대원천,37.42891,127.12015,중원구,성남동,5,14.6337,60,0.85268,60,0.54402,RFI=0.770 | Ds=14.63 | 60셀 | RFI순위#5 | 경로타당성85%
S009,공역+장애물+로봇접근+기상 (승인허용),approval_required_allowed,205-2-000002,성남동 대형,37.42891,127.12012,중원구,성남동,6,14.6337,60,0.85249,60,0.58517,RFI=0.769 | Ds=14.63 | 60셀 | RFI순위#6 | 경로타당성85%
S010,공역+장애물+로봇접근+기상 (엄격제외),strict_exclusion,206-3-000007,구미도서관,37.34553,127.10769,분당구,구미1동,1,13.8386,48,0.7626,0,0.48579,RFI=0.720 | Ds=13.84 | 48셀 | RFI순위#1 | 경로타당성76%
S010,공역+장애물+로봇접근+기상 (엄격제외),strict_exclusion,206-2-000009,금곡동,37.35086,127.10686,분당구,금곡동,2,17.7553,57,0.69945,0,0.50197,RFI=0.600 | Ds=17.76 | 57셀 | RFI순위#2 | 경로타당성70%
S010,공역+장애물+로봇접근+기상 (엄격제외),strict_exclusion,206-2-000008,오리환승,37.33971,127.10941,분당구,구미동,3,9.9369,36,0.78196,0,0.51049,RFI=0.470 | Ds=9.94 | 36셀 | RFI순위#3 | 경로타당성78%
S010,공역+장애물+로봇접근+기상 (엄격제외),strict_exclusion,206-3-000004,분당도서관 부설주차장,37.3581,127.11658,분당구,정자3동,4,10.1704,36,0.7302,0,0.55042,RFI=0.300 | Ds=10.17 | 36셀 | RFI순위#4 | 경로타당성73%
S010,공역+장애물+로봇접근+기상 (엄격제외),strict_exclusion,206-2-000006,정자전원마을,37.35922,127.12451,분당구,정자3동,5,8.3845,31,0.71936,0,0.535,RFI=0.173 | Ds=8.38 | 31셀 | RFI순위#5 | 경로타당성72%
S010,공역+장애물+로봇접근+기상 (엄격제외),strict_exclusion,205-2-000028,해오름,37.44109,127.15909,중원구,금광1동,6,0.0,0,0.5,0,0.50109,RFI=0.000 | Ds=0.00 | 0셀 | RFI순위#6 | 경로타당성50%
S011,공역+장애물+로봇접근 (승인허용),approval_required_allowed,206-3-000001,분당구청 부설주차장,37.38262,127.11896,분당구,수내1동,1,19.4633,58,0.82629,58,0.69271,RFI=0.871 | Ds=19.46 | 58셀 | RFI순위#1 | 경로타당성83%
S011,공역+장애물+로봇접근 (승인허용),approval_required_allowed,206-2-000020,백현동카페거리공영주차장,37.38545,127.11199,분당구,백현동,2,22.257,60,0.78124,60,0.61974,RFI=0.846 | Ds=22.26 | 60셀 | RFI순위#2 | 경로타당성78%
S011,공역+장애물+로봇접근 (승인허용),approval_required_allowed,206-2-000011,수내역환승,37.37928,127.11886,분당구,수내1동,3,19.571,60,0.7752,60,0.69279,RFI=0.817 | Ds=19.57 | 60셀 | RFI순위#3 | 경로타당성78%
S011,공역+장애물+로봇접근 (승인허용),approval_required_allowed,206-2-000007,정자역환승,37.36575,127.10733,분당구,정자1동,4,17.9495,58,0.78547,58,0.59838,RFI=0.771 | Ds=17.95 | 58셀 | RFI순위#4 | 경로타당성79%
S011,공역+장애물+로봇접근 (승인허용),approval_required_allowed,205-2-000001,대원천,37.42891,127.12015,중원구,성남동,5,14.8738,60,0.85268,60,0.54402,RFI=0.770 | Ds=14.87 | 60셀 | RFI순위#5 | 경로타당성85%
S011,공역+장애물+로봇접근 (승인허용),approval_required_allowed,205-2-000002,성남동 대형,37.42891,127.12012,중원구,성남동,6,14.8738,60,0.85249,60,0.58517,RFI=0.769 | Ds=14.87 | 60셀 | RFI순위#6 | 경로타당성85%
S012,공역+장애물+로봇접근 (엄격제외),strict_exclusion,206-3-000007,구미도서관,37.34553,127.10769,분당구,구미1동,1,14.0354,48,0.7626,0,0.48579,RFI=0.720 | Ds=14.04 | 48셀 | RFI순위#1 | 경로타당성76%
S012,공역+장애물+로봇접근 (엄격제외),strict_exclusion,206-2-000009,금곡동,37.35086,127.10686,분당구,금곡동,2,18.0036,57,0.69945,0,0.50197,RFI=0.600 | Ds=18.00 | 57셀 | RFI순위#2 | 경로타당성70%
S012,공역+장애물+로봇접근 (엄격제외),strict_exclusion,206-2-000008,오리환승,37.33971,127.10941,분당구,구미동,3,10.0785,36,0.78196,0,0.51049,RFI=0.471 | Ds=10.08 | 36셀 | RFI순위#3 | 경로타당성78%
S012,공역+장애물+로봇접근 (엄격제외),strict_exclusion,206-3-000004,분당도서관 부설주차장,37.3581,127.11658,분당구,정자3동,4,10.3176,36,0.7302,0,0.55042,RFI=0.300 | Ds=10.32 | 36셀 | RFI순위#4 | 경로타당성73%
S012,공역+장애물+로봇접근 (엄격제외),strict_exclusion,206-2-000006,정자전원마을,37.35922,127.12451,분당구,정자3동,5,8.4973,31,0.71936,0,0.535,RFI=0.174 | Ds=8.50 | 31셀 | RFI순위#5 | 경로타당성72%
S012,공역+장애물+로봇접근 (엄격제외),strict_exclusion,205-2-000028,해오름,37.44109,127.15909,중원구,금광1동,6,0.0,0,0.5,0,0.50109,RFI=0.000 | Ds=0.00 | 0셀 | RFI순위#6 | 경로타당성50%
S013,공역+장애물+기상 (승인허용),approval_required_allowed,206-3-000001,분당구청 부설주차장,37.38262,127.11896,분당구,수내1동,1,21.0956,58,0.82629,58,0.69271,RFI=0.870 | Ds=21.10 | 58셀 | RFI순위#1 | 경로타당성83%
S013,공역+장애물+기상 (승인허용),approval_required_allowed,206-2-000020,백현동카페거리공영주차장,37.38545,127.11199,분당구,백현동,2,23.9691,60,0.78124,60,0.61974,RFI=0.859 | Ds=23.97 | 60셀 | RFI순위#2 | 경로타당성78%
S013,공역+장애물+기상 (승인허용),approval_required_allowed,206-2-000011,수내역환승,37.37928,127.11886,분당구,수내1동,3,21.1348,60,0.7752,60,0.69279,RFI=0.806 | Ds=21.13 | 60셀 | RFI순위#3 | 경로타당성78%
S013,공역+장애물+기상 (승인허용),approval_required_allowed,205-2-000001,대원천,37.42891,127.12015,중원구,성남동,4,17.3469,60,0.85268,60,0.54402,RFI=0.786 | Ds=17.35 | 60셀 | RFI순위#4 | 경로타당성85%
S013,공역+장애물+기상 (승인허용),approval_required_allowed,205-1-000066,모란5,37.42951,127.12549,중원구,성남동,5,17.8754,58,0.80077,58,0.43353,RFI=0.786 | Ds=17.88 | 58셀 | RFI순위#5 | 경로타당성80%
S013,공역+장애물+기상 (승인허용),approval_required_allowed,205-2-000002,성남동 대형,37.42891,127.12012,중원구,성남동,6,17.3469,60,0.85249,60,0.58517,RFI=0.785 | Ds=17.35 | 60셀 | RFI순위#6 | 경로타당성85%
S014,공역+장애물+기상 (엄격제외),strict_exclusion,206-3-000007,구미도서관,37.34553,127.10769,분당구,구미1동,1,15.8557,48,0.7626,0,0.48579,RFI=0.722 | Ds=15.86 | 48셀 | RFI순위#1 | 경로타당성76%
S014,공역+장애물+기상 (엄격제외),strict_exclusion,206-2-000009,금곡동,37.35086,127.10686,분당구,금곡동,2,20.2643,57,0.69945,0,0.50197,RFI=0.600 | Ds=20.26 | 57셀 | RFI순위#2 | 경로타당성70%
S014,공역+장애물+기상 (엄격제외),strict_exclusion,206-2-000008,오리환승,37.33971,127.10941,분당구,구미동,3,11.3995,36,0.78196,0,0.51049,RFI=0.506 | Ds=11.40 | 36셀 | RFI순위#3 | 경로타당성78%
S014,공역+장애물+기상 (엄격제외),strict_exclusion,206-3-000004,분당도서관 부설주차장,37.3581,127.11658,분당구,정자3동,4,11.6242,36,0.7302,0,0.55042,RFI=0.296 | Ds=11.62 | 36셀 | RFI순위#4 | 경로타당성73%
S014,공역+장애물+기상 (엄격제외),strict_exclusion,206-2-000006,정자전원마을,37.35922,127.12451,분당구,정자3동,5,9.5696,31,0.71936,0,0.535,RFI=0.184 | Ds=9.57 | 31셀 | RFI순위#5 | 경로타당성72%
S014,공역+장애물+기상 (엄격제외),strict_exclusion,205-2-000028,해오름,37.44109,127.15909,중원구,금광1동,6,0.0,0,0.5,0,0.50109,RFI=0.000 | Ds=0.00 | 0셀 | RFI순위#6 | 경로타당성50%
S015,공역+장애물 (승인허용),approval_required_allowed,206-3-000001,분당구청 부설주차장,37.38262,127.11896,분당구,수내1동,1,21.4288,58,0.82629,58,0.69271,RFI=0.870 | Ds=21.43 | 58셀 | RFI순위#1 | 경로타당성83%
S015,공역+장애물 (승인허용),approval_required_allowed,206-2-000020,백현동카페거리공영주차장,37.38545,127.11199,분당구,백현동,2,24.3304,60,0.78124,60,0.61974,RFI=0.859 | Ds=24.33 | 60셀 | RFI순위#2 | 경로타당성78%
S015,공역+장애물 (승인허용),approval_required_allowed,206-2-000011,수내역환승,37.37928,127.11886,분당구,수내1동,3,21.4683,60,0.7752,60,0.69279,RFI=0.807 | Ds=21.47 | 60셀 | RFI순위#3 | 경로타당성78%
S015,공역+장애물 (승인허용),approval_required_allowed,205-2-000001,대원천,37.42891,127.12015,중원구,성남동,4,17.5862,60,0.85268,60,0.54402,RFI=0.786 | Ds=17.59 | 60셀 | RFI순위#4 | 경로타당성85%
S015,공역+장애물 (승인허용),approval_required_allowed,205-1-000066,모란5,37.42951,127.12549,중원구,성남동,5,18.1235,58,0.80077,58,0.43353,RFI=0.786 | Ds=18.12 | 58셀 | RFI순위#5 | 경로타당성80%
S015,공역+장애물 (승인허용),approval_required_allowed,205-2-000002,성남동 대형,37.42891,127.12012,중원구,성남동,6,17.5862,60,0.85249,60,0.58517,RFI=0.785 | Ds=17.59 | 60셀 | RFI순위#6 | 경로타당성85%
S016,공역+장애물 (엄격제외),strict_exclusion,206-3-000007,구미도서관,37.34553,127.10769,분당구,구미1동,1,16.052,48,0.7626,0,0.48579,RFI=0.722 | Ds=16.05 | 48셀 | RFI순위#1 | 경로타당성76%
S016,공역+장애물 (엄격제외),strict_exclusion,206-2-000009,금곡동,37.35086,127.10686,분당구,금곡동,2,20.5121,57,0.69945,0,0.50197,RFI=0.600 | Ds=20.51 | 57셀 | RFI순위#2 | 경로타당성70%
S016,공역+장애물 (엄격제외),strict_exclusion,206-2-000008,오리환승,37.33971,127.10941,분당구,구미동,3,11.5409,36,0.78196,0,0.51049,RFI=0.506 | Ds=11.54 | 36셀 | RFI순위#3 | 경로타당성78%
S016,공역+장애물 (엄격제외),strict_exclusion,206-3-000004,분당도서관 부설주차장,37.3581,127.11658,분당구,정자3동,4,11.7716,36,0.7302,0,0.55042,RFI=0.296 | Ds=11.77 | 36셀 | RFI순위#4 | 경로타당성73%
S016,공역+장애물 (엄격제외),strict_exclusion,206-2-000006,정자전원마을,37.35922,127.12451,분당구,정자3동,5,9.6823,31,0.71936,0,0.535,RFI=0.185 | Ds=9.68 | 31셀 | RFI순위#5 | 경로타당성72%
S016,공역+장애물 (엄격제외),strict_exclusion,205-2-000028,해오름,37.44109,127.15909,중원구,금광1동,6,0.0,0,0.5,0,0.50109,RFI=0.000 | Ds=0.00 | 0셀 | RFI순위#6 | 경로타당성50%
S017,공역+소음+로봇접근+기상 (승인허용),approval_required_allowed,206-3-000001,분당구청 부설주차장,37.38262,127.11896,분당구,수내1동,1,21.8481,58,0.82629,58,0.69271,RFI=0.858 | Ds=21.85 | 58셀 | RFI순위#1 | 경로타당성83%
S017,공역+소음+로봇접근+기상 (승인허용),approval_required_allowed,206-2-000011,수내역환승,37.37928,127.11886,분당구,수내1동,2,21.8928,60,0.7752,60,0.69279,RFI=0.831 | Ds=21.89 | 60셀 | RFI순위#2 | 경로타당성78%
S017,공역+소음+로봇접근+기상 (승인허용),approval_required_allowed,206-2-000020,백현동카페거리공영주차장,37.38545,127.11199,분당구,백현동,3,23.7052,60,0.78124,60,0.61974,RFI=0.824 | Ds=23.71 | 60셀 | RFI순위#3 | 경로타당성78%
S017,공역+소음+로봇접근+기상 (승인허용),approval_required_allowed,206-2-000007,정자역환승,37.36575,127.10733,분당구,정자1동,4,19.451,58,0.78547,58,0.59838,RFI=0.786 | Ds=19.45 | 58셀 | RFI순위#4 | 경로타당성79%
S017,공역+소음+로봇접근+기상 (승인허용),approval_required_allowed,206-2-000023,정자동공영주차장,37.37109,127.11221,분당구,정자동,5,21.7082,59,0.76254,59,0.60193,RFI=0.784 | Ds=21.71 | 59셀 | RFI순위#5 | 경로타당성76%
S017,공역+소음+로봇접근+기상 (승인허용),approval_required_allowed,206-2-000003,야탑 제2환승,37.41176,127.12816,분당구,야탑1동,6,17.9107,58,0.69246,58,0.54234,RFI=0.761 | Ds=17.91 | 58셀 | RFI순위#6 | 경로타당성69%
S018,공역+소음+로봇접근+기상 (엄격제외),strict_exclusion,206-3-000007,구미도서관,37.34553,127.10769,분당구,구미1동,1,14.9748,48,0.7626,0,0.48579,RFI=0.734 | Ds=14.97 | 48셀 | RFI순위#1 | 경로타당성76%
S018,공역+소음+로봇접근+기상 (엄격제외),strict_exclusion,206-2-000009,금곡동,37.35086,127.10686,분당구,금곡동,2,18.9573,57,0.69945,0,0.50197,RFI=0.600 | Ds=18.96 | 57셀 | RFI순위#2 | 경로타당성70%
S018,공역+소음+로봇접근+기상 (엄격제외),strict_exclusion,206-2-000008,오리환승,37.33971,127.10941,분당구,구미동,3,10.7587,36,0.78196,0,0.51049,RFI=0.504 | Ds=10.76 | 36셀 | RFI순위#3 | 경로타당성78%
S018,공역+소음+로봇접근+기상 (엄격제외),strict_exclusion,206-3-000004,분당도서관 부설주차장,37.3581,127.11658,분당구,정자3동,4,11.2617,36,0.7302,0,0.55042,RFI=0.327 | Ds=11.26 | 36셀 | RFI순위#4 | 경로타당성73%
S018,공역+소음+로봇접근+기상 (엄격제외),strict_exclusion,206-2-000006,정자전원마을,37.35922,127.12451,분당구,정자3동,5,8.4414,31,0.71936,0,0.535,RFI=0.172 | Ds=8.44 | 31셀 | RFI순위#5 | 경로타당성72%
S018,공역+소음+로봇접근+기상 (엄격제외),strict_exclusion,205-2-000028,해오름,37.44109,127.15909,중원구,금광1동,6,0.0,0,0.5,0,0.50109,RFI=0.000 | Ds=0.00 | 0셀 | RFI순위#6 | 경로타당성50%
S019,공역+소음+로봇접근 (승인허용),approval_required_allowed,206-3-000001,분당구청 부설주차장,37.38262,127.11896,분당구,수내1동,1,22.1812,58,0.82629,58,0.69271,RFI=0.858 | Ds=22.18 | 58셀 | RFI순위#1 | 경로타당성83%
S019,공역+소음+로봇접근 (승인허용),approval_required_allowed,206-2-000011,수내역환승,37.37928,127.11886,분당구,수내1동,2,22.2257,60,0.7752,60,0.69279,RFI=0.831 | Ds=22.23 | 60셀 | RFI순위#2 | 경로타당성78%
S019,공역+소음+로봇접근 (승인허용),approval_required_allowed,206-2-000020,백현동카페거리공영주차장,37.38545,127.11199,분당구,백현동,3,24.0662,60,0.78124,60,0.61974,RFI=0.824 | Ds=24.07 | 60셀 | RFI순위#3 | 경로타당성78%
S019,공역+소음+로봇접근 (승인허용),approval_required_allowed,206-2-000007,정자역환승,37.36575,127.10733,분당구,정자1동,4,19.7413,58,0.78547,58,0.59838,RFI=0.785 | Ds=19.74 | 58셀 | RFI순위#4 | 경로타당성79%
S019,공역+소음+로봇접근 (승인허용),approval_required_allowed,206-2-000023,정자동공영주차장,37.37109,127.11221,분당구,정자동,5,22.036,59,0.76254,59,0.60193,RFI=0.784 | Ds=22.04 | 59셀 | RFI순위#5 | 경로타당성76%
S019,공역+소음+로봇접근 (승인허용),approval_required_allowed,206-2-000003,야탑 제2환승,37.41176,127.12816,분당구,야탑1동,6,18.1955,58,0.69246,58,0.54234,RFI=0.761 | Ds=18.20 | 58셀 | RFI순위#6 | 경로타당성69%
S020,공역+소음+로봇접근 (엄격제외),strict_exclusion,206-3-000007,구미도서관,37.34553,127.10769,분당구,구미1동,1,15.1711,48,0.7626,0,0.48579,RFI=0.734 | Ds=15.17 | 48셀 | RFI순위#1 | 경로타당성76%
S020,공역+소음+로봇접근 (엄격제외),strict_exclusion,206-2-000009,금곡동,37.35086,127.10686,분당구,금곡동,2,19.2055,57,0.69945,0,0.50197,RFI=0.600 | Ds=19.21 | 57셀 | RFI순위#2 | 경로타당성70%
S020,공역+소음+로봇접근 (엄격제외),strict_exclusion,206-2-000008,오리환승,37.33971,127.10941,분당구,구미동,3,10.9004,36,0.78196,0,0.51049,RFI=0.505 | Ds=10.90 | 36셀 | RFI순위#3 | 경로타당성78%
S020,공역+소음+로봇접근 (엄격제외),strict_exclusion,206-3-000004,분당도서관 부설주차장,37.3581,127.11658,분당구,정자3동,4,11.4087,36,0.7302,0,0.55042,RFI=0.327 | Ds=11.41 | 36셀 | RFI순위#4 | 경로타당성73%
S020,공역+소음+로봇접근 (엄격제외),strict_exclusion,206-2-000006,정자전원마을,37.35922,127.12451,분당구,정자3동,5,8.5539,31,0.71936,0,0.535,RFI=0.173 | Ds=8.55 | 31셀 | RFI순위#5 | 경로타당성72%
S020,공역+소음+로봇접근 (엄격제외),strict_exclusion,205-2-000028,해오름,37.44109,127.15909,중원구,금광1동,6,0.0,0,0.5,0,0.50109,RFI=0.000 | Ds=0.00 | 0셀 | RFI순위#6 | 경로타당성50%
S021,공역+소음+기상 (승인허용),approval_required_allowed,206-3-000001,분당구청 부설주차장,37.38262,127.11896,분당구,수내1동,1,23.8139,58,0.82629,58,0.69271,RFI=0.861 | Ds=23.81 | 58셀 | RFI순위#1 | 경로타당성83%
S021,공역+소음+기상 (승인허용),approval_required_allowed,206-2-000020,백현동카페거리공영주차장,37.38545,127.11199,분당구,백현동,2,25.779,60,0.78124,60,0.61974,RFI=0.836 | Ds=25.78 | 60셀 | RFI순위#2 | 경로타당성78%
S021,공역+소음+기상 (승인허용),approval_required_allowed,206-2-000011,수내역환승,37.37928,127.11886,분당구,수내1동,3,23.7901,60,0.7752,60,0.69279,RFI=0.825 | Ds=23.79 | 60셀 | RFI순위#3 | 경로타당성78%
S021,공역+소음+기상 (승인허용),approval_required_allowed,206-2-000007,정자역환승,37.36575,127.10733,분당구,정자1동,4,21.6837,58,0.78547,58,0.59838,RFI=0.787 | Ds=21.68 | 58셀 | RFI순위#4 | 경로타당성79%
S021,공역+소음+기상 (승인허용),approval_required_allowed,206-2-000023,정자동공영주차장,37.37109,127.11221,분당구,정자동,5,23.4636,59,0.76254,59,0.60193,RFI=0.776 | Ds=23.46 | 59셀 | RFI순위#5 | 경로타당성76%
S021,공역+소음+기상 (승인허용),approval_required_allowed,206-2-000003,야탑 제2환승,37.41176,127.12816,분당구,야탑1동,6,20.1909,58,0.69246,58,0.54234,RFI=0.769 | Ds=20.19 | 58셀 | RFI순위#6 | 경로타당성69%
S022,공역+소음+기상 (엄격제외),strict_exclusion,206-3-000007,구미도서관,37.34553,127.10769,분당구,구미1동,1,16.9921,48,0.7626,0,0.48579,RFI=0.711 | Ds=16.99 | 48셀 | RFI순위#1 | 경로타당성76%
S022,공역+소음+기상 (엄격제외),strict_exclusion,206-2-000009,금곡동,37.35086,127.10686,분당구,금곡동,2,21.4665,57,0.69945,0,0.50197,RFI=0.600 | Ds=21.47 | 57셀 | RFI순위#2 | 경로타당성70%
S022,공역+소음+기상 (엄격제외),strict_exclusion,206-2-000008,오리환승,37.33971,127.10941,분당구,구미동,3,12.2218,36,0.78196,0,0.51049,RFI=0.525 | Ds=12.22 | 36셀 | RFI순위#3 | 경로타당성78%
S022,공역+소음+기상 (엄격제외),strict_exclusion,206-3-000004,분당도서관 부설주차장,37.3581,127.11658,분당구,정자3동,4,12.7157,36,0.7302,0,0.55042,RFI=0.307 | Ds=12.72 | 36셀 | RFI순위#4 | 경로타당성73%
S022,공역+소음+기상 (엄격제외),strict_exclusion,206-2-000006,정자전원마을,37.35922,127.12451,분당구,정자3동,5,9.627,31,0.71936,0,0.535,RFI=0.172 | Ds=9.63 | 31셀 | RFI순위#5 | 경로타당성72%
S022,공역+소음+기상 (엄격제외),strict_exclusion,205-2-000028,해오름,37.44109,127.15909,중원구,금광1동,6,0.0,0,0.5,0,0.50109,RFI=0.000 | Ds=0.00 | 0셀 | RFI순위#6 | 경로타당성50%
S023,공역+소음 (승인허용),approval_required_allowed,206-3-000001,분당구청 부설주차장,37.38262,127.11896,분당구,수내1동,1,24.1465,58,0.82629,58,0.69271,RFI=0.861 | Ds=24.15 | 58셀 | RFI순위#1 | 경로타당성83%
S023,공역+소음 (승인허용),approval_required_allowed,206-2-000020,백현동카페거리공영주차장,37.38545,127.11199,분당구,백현동,2,26.1396,60,0.78124,60,0.61974,RFI=0.836 | Ds=26.14 | 60셀 | RFI순위#2 | 경로타당성78%
S023,공역+소음 (승인허용),approval_required_allowed,206-2-000011,수내역환승,37.37928,127.11886,분당구,수내1동,3,24.1225,60,0.7752,60,0.69279,RFI=0.825 | Ds=24.12 | 60셀 | RFI순위#3 | 경로타당성78%
S023,공역+소음 (승인허용),approval_required_allowed,206-2-000007,정자역환승,37.36575,127.10733,분당구,정자1동,4,21.9736,58,0.78547,58,0.59838,RFI=0.787 | Ds=21.97 | 58셀 | RFI순위#4 | 경로타당성79%
S023,공역+소음 (승인허용),approval_required_allowed,206-2-000023,정자동공영주차장,37.37109,127.11221,분당구,정자동,5,23.7909,59,0.76254,59,0.60193,RFI=0.776 | Ds=23.79 | 59셀 | RFI순위#5 | 경로타당성76%
S023,공역+소음 (승인허용),approval_required_allowed,206-2-000003,야탑 제2환승,37.41176,127.12816,분당구,야탑1동,6,20.4754,58,0.69246,58,0.54234,RFI=0.769 | Ds=20.48 | 58셀 | RFI순위#6 | 경로타당성69%
S024,공역+소음 (엄격제외),strict_exclusion,206-3-000007,구미도서관,37.34553,127.10769,분당구,구미1동,1,17.1884,48,0.7626,0,0.48579,RFI=0.711 | Ds=17.19 | 48셀 | RFI순위#1 | 경로타당성76%
S024,공역+소음 (엄격제외),strict_exclusion,206-2-000009,금곡동,37.35086,127.10686,분당구,금곡동,2,21.7147,57,0.69945,0,0.50197,RFI=0.600 | Ds=21.71 | 57셀 | RFI순위#2 | 경로타당성70%
S024,공역+소음 (엄격제외),strict_exclusion,206-2-000008,오리환승,37.33971,127.10941,분당구,구미동,3,12.363,36,0.78196,0,0.51049,RFI=0.525 | Ds=12.36 | 36셀 | RFI순위#3 | 경로타당성78%
S024,공역+소음 (엄격제외),strict_exclusion,206-3-000004,분당도서관 부설주차장,37.3581,127.11658,분당구,정자3동,4,12.8628,36,0.7302,0,0.55042,RFI=0.307 | Ds=12.86 | 36셀 | RFI순위#4 | 경로타당성73%
S024,공역+소음 (엄격제외),strict_exclusion,206-2-000006,정자전원마을,37.35922,127.12451,분당구,정자3동,5,9.739,31,0.71936,0,0.535,RFI=0.172 | Ds=9.74 | 31셀 | RFI순위#5 | 경로타당성72%
S024,공역+소음 (엄격제외),strict_exclusion,205-2-000028,해오름,37.44109,127.15909,중원구,금광1동,6,0.0,0,0.5,0,0.50109,RFI=0.000 | Ds=0.00 | 0셀 | RFI순위#6 | 경로타당성50%
S025,공역+로봇접근+기상 (승인허용),approval_required_allowed,206-3-000001,분당구청 부설주차장,37.38262,127.11896,분당구,수내1동,1,22.4143,58,0.82629,58,0.69271,RFI=0.849 | Ds=22.41 | 58셀 | RFI순위#1 | 경로타당성83%
S025,공역+로봇접근+기상 (승인허용),approval_required_allowed,206-2-000020,백현동카페거리공영주차장,37.38545,127.11199,분당구,백현동,2,24.3588,60,0.78124,60,0.61974,RFI=0.820 | Ds=24.36 | 60셀 | RFI순위#2 | 경로타당성78%
S025,공역+로봇접근+기상 (승인허용),approval_required_allowed,206-2-000011,수내역환승,37.37928,127.11886,분당구,수내1동,3,22.4666,60,0.7752,60,0.69279,RFI=0.820 | Ds=22.47 | 60셀 | RFI순위#3 | 경로타당성78%
S025,공역+로봇접근+기상 (승인허용),approval_required_allowed,206-2-000023,정자동공영주차장,37.37109,127.11221,분당구,정자동,4,22.2122,59,0.76254,59,0.60193,RFI=0.780 | Ds=22.21 | 59셀 | RFI순위#4 | 경로타당성76%
S025,공역+로봇접근+기상 (승인허용),approval_required_allowed,206-2-000007,정자역환승,37.36575,127.10733,분당구,정자1동,5,20.0274,58,0.78547,58,0.59838,RFI=0.778 | Ds=20.03 | 58셀 | RFI순위#5 | 경로타당성79%
S025,공역+로봇접근+기상 (승인허용),approval_required_allowed,206-2-000003,야탑 제2환승,37.41176,127.12816,분당구,야탑1동,6,18.5754,58,0.69246,58,0.54234,RFI=0.763 | Ds=18.58 | 58셀 | RFI순위#6 | 경로타당성69%
S026,공역+로봇접근+기상 (엄격제외),strict_exclusion,206-3-000007,구미도서관,37.34553,127.10769,분당구,구미1동,1,15.3549,48,0.7626,0,0.48579,RFI=0.733 | Ds=15.35 | 48셀 | RFI순위#1 | 경로타당성76%
S026,공역+로봇접근+기상 (엄격제외),strict_exclusion,206-2-000009,금곡동,37.35086,127.10686,분당구,금곡동,2,19.4398,57,0.69945,0,0.50197,RFI=0.600 | Ds=19.44 | 57셀 | RFI순위#2 | 경로타당성70%
S026,공역+로봇접근+기상 (엄격제외),strict_exclusion,206-2-000008,오리환승,37.33971,127.10941,분당구,구미동,3,11.041,36,0.78196,0,0.51049,RFI=0.484 | Ds=11.04 | 36셀 | RFI순위#3 | 경로타당성78%
S026,공역+로봇접근+기상 (엄격제외),strict_exclusion,206-3-000004,분당도서관 부설주차장,37.3581,127.11658,분당구,정자3동,4,11.5521,36,0.7302,0,0.55042,RFI=0.321 | Ds=11.55 | 36셀 | RFI순위#4 | 경로타당성73%
S026,공역+로봇접근+기상 (엄격제외),strict_exclusion,206-2-000006,정자전원마을,37.35922,127.12451,분당구,정자3동,5,8.73,31,0.71936,0,0.535,RFI=0.187 | Ds=8.73 | 31셀 | RFI순위#5 | 경로타당성72%
S026,공역+로봇접근+기상 (엄격제외),strict_exclusion,205-2-000028,해오름,37.44109,127.15909,중원구,금광1동,6,0.0,0,0.5,0,0.50109,RFI=0.000 | Ds=0.00 | 0셀 | RFI순위#6 | 경로타당성50%
S027,공역+로봇접근 (승인허용),approval_required_allowed,206-3-000001,분당구청 부설주차장,37.38262,127.11896,분당구,수내1동,1,22.7473,58,0.82629,58,0.69271,RFI=0.849 | Ds=22.75 | 58셀 | RFI순위#1 | 경로타당성83%
S027,공역+로봇접근 (승인허용),approval_required_allowed,206-2-000020,백현동카페거리공영주차장,37.38545,127.11199,분당구,백현동,2,24.7201,60,0.78124,60,0.61974,RFI=0.820 | Ds=24.72 | 60셀 | RFI순위#2 | 경로타당성78%
S027,공역+로봇접근 (승인허용),approval_required_allowed,206-2-000011,수내역환승,37.37928,127.11886,분당구,수내1동,3,22.7997,60,0.7752,60,0.69279,RFI=0.820 | Ds=22.80 | 60셀 | RFI순위#3 | 경로타당성78%
S027,공역+로봇접근 (승인허용),approval_required_allowed,206-2-000023,정자동공영주차장,37.37109,127.11221,분당구,정자동,4,22.5395,59,0.76254,59,0.60193,RFI=0.780 | Ds=22.54 | 59셀 | RFI순위#4 | 경로타당성76%
S027,공역+로봇접근 (승인허용),approval_required_allowed,206-2-000007,정자역환승,37.36575,127.10733,분당구,정자1동,5,20.3177,58,0.78547,58,0.59838,RFI=0.778 | Ds=20.32 | 58셀 | RFI순위#5 | 경로타당성79%
S027,공역+로봇접근 (승인허용),approval_required_allowed,206-2-000003,야탑 제2환승,37.41176,127.12816,분당구,야탑1동,6,18.86,58,0.69246,58,0.54234,RFI=0.763 | Ds=18.86 | 58셀 | RFI순위#6 | 경로타당성69%
S028,공역+로봇접근 (엄격제외),strict_exclusion,206-3-000007,구미도서관,37.34553,127.10769,분당구,구미1동,1,15.551,48,0.7626,0,0.48579,RFI=0.733 | Ds=15.55 | 48셀 | RFI순위#1 | 경로타당성76%
S028,공역+로봇접근 (엄격제외),strict_exclusion,206-2-000009,금곡동,37.35086,127.10686,분당구,금곡동,2,19.6877,57,0.69945,0,0.50197,RFI=0.600 | Ds=19.69 | 57셀 | RFI순위#2 | 경로타당성70%
S028,공역+로봇접근 (엄격제외),strict_exclusion,206-2-000008,오리환승,37.33971,127.10941,분당구,구미동,3,11.1825,36,0.78196,0,0.51049,RFI=0.484 | Ds=11.18 | 36셀 | RFI순위#3 | 경로타당성78%
S028,공역+로봇접근 (엄격제외),strict_exclusion,206-3-000004,분당도서관 부설주차장,37.3581,127.11658,분당구,정자3동,4,11.6992,36,0.7302,0,0.55042,RFI=0.321 | Ds=11.70 | 36셀 | RFI순위#4 | 경로타당성73%
S028,공역+로봇접근 (엄격제외),strict_exclusion,206-2-000006,정자전원마을,37.35922,127.12451,분당구,정자3동,5,8.8426,31,0.71936,0,0.535,RFI=0.187 | Ds=8.84 | 31셀 | RFI순위#5 | 경로타당성72%
S028,공역+로봇접근 (엄격제외),strict_exclusion,205-2-000028,해오름,37.44109,127.15909,중원구,금광1동,6,0.0,0,0.5,0,0.50109,RFI=0.000 | Ds=0.00 | 0셀 | RFI순위#6 | 경로타당성50%
S029,공역+기상 (승인허용),approval_required_allowed,206-3-000001,분당구청 부설주차장,37.38262,127.11896,분당구,수내1동,1,24.3794,58,0.82629,58,0.69271,RFI=0.852 | Ds=24.38 | 58셀 | RFI순위#1 | 경로타당성83%
S029,공역+기상 (승인허용),approval_required_allowed,206-2-000020,백현동카페거리공영주차장,37.38545,127.11199,분당구,백현동,2,26.4338,60,0.78124,60,0.61974,RFI=0.833 | Ds=26.43 | 60셀 | RFI순위#2 | 경로타당성78%
S029,공역+기상 (승인허용),approval_required_allowed,206-2-000011,수내역환승,37.37928,127.11886,분당구,수내1동,3,24.3633,60,0.7752,60,0.69279,RFI=0.814 | Ds=24.36 | 60셀 | RFI순위#3 | 경로타당성78%
S029,공역+기상 (승인허용),approval_required_allowed,206-2-000007,정자역환승,37.36575,127.10733,분당구,정자1동,4,22.2588,58,0.78547,58,0.59838,RFI=0.780 | Ds=22.26 | 58셀 | RFI순위#4 | 경로타당성79%
S029,공역+기상 (승인허용),approval_required_allowed,206-2-000023,정자동공영주차장,37.37109,127.11221,분당구,정자동,5,23.9659,59,0.76254,59,0.60193,RFI=0.772 | Ds=23.97 | 59셀 | RFI순위#5 | 경로타당성76%
S029,공역+기상 (승인허용),approval_required_allowed,206-2-000003,야탑 제2환승,37.41176,127.12816,분당구,야탑1동,6,20.8554,58,0.69246,58,0.54234,RFI=0.771 | Ds=20.86 | 58셀 | RFI순위#6 | 경로타당성69%
S030,공역+기상 (엄격제외),strict_exclusion,206-3-000007,구미도서관,37.34553,127.10769,분당구,구미1동,1,17.3721,48,0.7626,0,0.48579,RFI=0.727 | Ds=17.37 | 48셀 | RFI순위#1 | 경로타당성76%
S030,공역+기상 (엄격제외),strict_exclusion,206-2-000009,금곡동,37.35086,127.10686,분당구,금곡동,2,21.9485,57,0.69945,0,0.50197,RFI=0.600 | Ds=21.95 | 57셀 | RFI순위#2 | 경로타당성70%
S030,공역+기상 (엄격제외),strict_exclusion,206-2-000008,오리환승,37.33971,127.10941,분당구,구미동,3,12.5042,36,0.78196,0,0.51049,RFI=0.523 | Ds=12.50 | 36셀 | RFI순위#3 | 경로타당성78%
S030,공역+기상 (엄격제외),strict_exclusion,206-3-000004,분당도서관 부설주차장,37.3581,127.11658,분당구,정자3동,4,13.0068,36,0.7302,0,0.55042,RFI=0.311 | Ds=13.01 | 36셀 | RFI순위#4 | 경로타당성73%
S030,공역+기상 (엄격제외),strict_exclusion,206-2-000006,정자전원마을,37.35922,127.12451,분당구,정자3동,5,9.9165,31,0.71936,0,0.535,RFI=0.196 | Ds=9.92 | 31셀 | RFI순위#5 | 경로타당성72%
S030,공역+기상 (엄격제외),strict_exclusion,205-2-000028,해오름,37.44109,127.15909,중원구,금광1동,6,0.0,0,0.5,0,0.50109,RFI=0.000 | Ds=0.00 | 0셀 | RFI순위#6 | 경로타당성50%
S031,공역 (승인허용),approval_required_allowed,206-3-000001,분당구청 부설주차장,37.38262,127.11896,분당구,수내1동,1,24.7132,58,0.82629,58,0.69271,RFI=0.852 | Ds=24.71 | 58셀 | RFI순위#1 | 경로타당성83%
S031,공역 (승인허용),approval_required_allowed,206-2-000020,백현동카페거리공영주차장,37.38545,127.11199,분당구,백현동,2,26.7947,60,0.78124,60,0.61974,RFI=0.833 | Ds=26.79 | 60셀 | RFI순위#2 | 경로타당성78%
S031,공역 (승인허용),approval_required_allowed,206-2-000011,수내역환승,37.37928,127.11886,분당구,수내1동,3,24.697,60,0.7752,60,0.69279,RFI=0.814 | Ds=24.70 | 60셀 | RFI순위#3 | 경로타당성78%
S031,공역 (승인허용),approval_required_allowed,206-2-000007,정자역환승,37.36575,127.10733,분당구,정자1동,4,22.5495,58,0.78547,58,0.59838,RFI=0.780 | Ds=22.55 | 58셀 | RFI순위#4 | 경로타당성79%
S031,공역 (승인허용),approval_required_allowed,206-2-000023,정자동공영주차장,37.37109,127.11221,분당구,정자동,5,24.2947,59,0.76254,59,0.60193,RFI=0.772 | Ds=24.29 | 59셀 | RFI순위#5 | 경로타당성76%
S031,공역 (승인허용),approval_required_allowed,206-2-000003,야탑 제2환승,37.41176,127.12816,분당구,야탑1동,6,21.1402,58,0.69246,58,0.54234,RFI=0.771 | Ds=21.14 | 58셀 | RFI순위#6 | 경로타당성69%
S032,공역 (엄격제외),strict_exclusion,206-3-000007,구미도서관,37.34553,127.10769,분당구,구미1동,1,17.5692,48,0.7626,0,0.48579,RFI=0.727 | Ds=17.57 | 48셀 | RFI순위#1 | 경로타당성76%
S032,공역 (엄격제외),strict_exclusion,206-2-000009,금곡동,37.35086,127.10686,분당구,금곡동,2,22.1967,57,0.69945,0,0.50197,RFI=0.600 | Ds=22.20 | 57셀 | RFI순위#2 | 경로타당성70%
S032,공역 (엄격제외),strict_exclusion,206-2-000008,오리환승,37.33971,127.10941,분당구,구미동,3,12.6464,36,0.78196,0,0.51049,RFI=0.523 | Ds=12.65 | 36셀 | RFI순위#3 | 경로타당성78%
S032,공역 (엄격제외),strict_exclusion,206-3-000004,분당도서관 부설주차장,37.3581,127.11658,분당구,정자3동,4,13.1531,36,0.7302,0,0.55042,RFI=0.311 | Ds=13.15 | 36셀 | RFI순위#4 | 경로타당성73%
S032,공역 (엄격제외),strict_exclusion,206-2-000006,정자전원마을,37.35922,127.12451,분당구,정자3동,5,10.0277,31,0.71936,0,0.535,RFI=0.196 | Ds=10.03 | 31셀 | RFI순위#5 | 경로타당성72%
S032,공역 (엄격제외),strict_exclusion,205-2-000028,해오름,37.44109,127.15909,중원구,금광1동,6,0.0,0,0.5,0,0.50109,RFI=0.000 | Ds=0.00 | 0셀 | RFI순위#6 | 경로타당성50%
S033,장애물+소음+로봇접근+기상 (승인허용),approval_required_allowed,206-3-000001,분당구청 부설주차장,37.38262,127.11896,분당구,수내1동,1,23.6264,58,0.82629,58,0.69271,RFI=0.877 | Ds=23.63 | 58셀 | RFI순위#1 | 경로타당성83%
S033,장애물+소음+로봇접근+기상 (승인허용),approval_required_allowed,206-2-000020,백현동카페거리공영주차장,37.38545,127.11199,분당구,백현동,2,26.7301,60,0.78124,60,0.61974,RFI=0.849 | Ds=26.73 | 60셀 | RFI순위#2 | 경로타당성78%
S033,장애물+소음+로봇접근+기상 (승인허용),approval_required_allowed,206-2-000011,수내역환승,37.37928,127.11886,분당구,수내1동,3,23.723,60,0.7752,60,0.69279,RFI=0.829 | Ds=23.72 | 60셀 | RFI순위#3 | 경로타당성78%
S033,장애물+소음+로봇접근+기상 (승인허용),approval_required_allowed,206-2-000007,정자역환승,37.36575,127.10733,분당구,정자1동,4,20.4691,58,0.78547,58,0.59838,RFI=0.778 | Ds=20.47 | 58셀 | RFI순위#4 | 경로타당성79%
S033,장애물+소음+로봇접근+기상 (승인허용),approval_required_allowed,205-2-000001,대원천,37.42891,127.12015,중원구,성남동,5,17.6361,60,0.85268,60,0.54402,RFI=0.777 | Ds=17.64 | 60셀 | RFI순위#5 | 경로타당성85%
S033,장애물+소음+로봇접근+기상 (승인허용),approval_required_allowed,205-2-000002,성남동 대형,37.42891,127.12012,중원구,성남동,6,17.6361,60,0.85249,60,0.58517,RFI=0.776 | Ds=17.64 | 60셀 | RFI순위#6 | 경로타당성85%
S034,장애물+소음+로봇접근+기상 (엄격제외),strict_exclusion,206-3-000007,구미도서관,37.34553,127.10769,분당구,구미1동,1,13.4586,48,0.7626,0,0.48579,RFI=0.721 | Ds=13.46 | 48셀 | RFI순위#1 | 경로타당성76%
S034,장애물+소음+로봇접근+기상 (엄격제외),strict_exclusion,206-2-000009,금곡동,37.35086,127.10686,분당구,금곡동,2,17.2731,57,0.69945,0,0.50197,RFI=0.600 | Ds=17.27 | 57셀 | RFI순위#2 | 경로타당성70%
S034,장애물+소음+로봇접근+기상 (엄격제외),strict_exclusion,206-2-000008,오리환승,37.33971,127.10941,분당구,구미동,3,9.6546,36,0.78196,0,0.51049,RFI=0.485 | Ds=9.65 | 36셀 | RFI순위#3 | 경로타당성78%
S034,장애물+소음+로봇접근+기상 (엄격제외),strict_exclusion,206-3-000004,분당도서관 부설주차장,37.3581,127.11658,분당구,정자3동,4,9.8797,36,0.7302,0,0.55042,RFI=0.305 | Ds=9.88 | 36셀 | RFI순위#4 | 경로타당성73%
S034,장애물+소음+로봇접근+기상 (엄격제외),strict_exclusion,206-2-000006,정자전원마을,37.35922,127.12451,분당구,정자3동,5,8.0955,31,0.71936,0,0.535,RFI=0.163 | Ds=8.10 | 31셀 | RFI순위#5 | 경로타당성72%
S034,장애물+소음+로봇접근+기상 (엄격제외),strict_exclusion,205-2-000028,해오름,37.44109,127.15909,중원구,금광1동,6,0.0,0,0.5,0,0.50109,RFI=0.000 | Ds=0.00 | 0셀 | RFI순위#6 | 경로타당성50%
S035,장애물+소음+로봇접근 (승인허용),approval_required_allowed,206-3-000001,분당구청 부설주차장,37.38262,127.11896,분당구,수내1동,1,23.9591,58,0.82629,58,0.69271,RFI=0.877 | Ds=23.96 | 58셀 | RFI순위#1 | 경로타당성83%
S035,장애물+소음+로봇접근 (승인허용),approval_required_allowed,206-2-000020,백현동카페거리공영주차장,37.38545,127.11199,분당구,백현동,2,27.0905,60,0.78124,60,0.61974,RFI=0.849 | Ds=27.09 | 60셀 | RFI순위#2 | 경로타당성78%
S035,장애물+소음+로봇접근 (승인허용),approval_required_allowed,206-2-000011,수내역환승,37.37928,127.11886,분당구,수내1동,3,24.0555,60,0.7752,60,0.69279,RFI=0.829 | Ds=24.06 | 60셀 | RFI순위#3 | 경로타당성78%
S035,장애물+소음+로봇접근 (승인허용),approval_required_allowed,206-2-000007,정자역환승,37.36575,127.10733,분당구,정자1동,4,20.7597,58,0.78547,58,0.59838,RFI=0.779 | Ds=20.76 | 58셀 | RFI순위#4 | 경로타당성79%
S035,장애물+소음+로봇접근 (승인허용),approval_required_allowed,205-2-000001,대원천,37.42891,127.12015,중원구,성남동,5,17.8749,60,0.85268,60,0.54402,RFI=0.777 | Ds=17.87 | 60셀 | RFI순위#5 | 경로타당성85%
S035,장애물+소음+로봇접근 (승인허용),approval_required_allowed,205-2-000002,성남동 대형,37.42891,127.12012,중원구,성남동,6,17.8749,60,0.85249,60,0.58517,RFI=0.776 | Ds=17.87 | 60셀 | RFI순위#6 | 경로타당성85%
S036,장애물+소음+로봇접근 (엄격제외),strict_exclusion,206-3-000007,구미도서관,37.34553,127.10769,분당구,구미1동,1,13.6551,48,0.7626,0,0.48579,RFI=0.721 | Ds=13.66 | 48셀 | RFI순위#1 | 경로타당성76%
S036,장애물+소음+로봇접근 (엄격제외),strict_exclusion,206-2-000009,금곡동,37.35086,127.10686,분당구,금곡동,2,17.5211,57,0.69945,0,0.50197,RFI=0.600 | Ds=17.52 | 57셀 | RFI순위#2 | 경로타당성70%
S036,장애물+소음+로봇접근 (엄격제외),strict_exclusion,206-2-000008,오리환승,37.33971,127.10941,분당구,구미동,3,9.7962,36,0.78196,0,0.51049,RFI=0.486 | Ds=9.80 | 36셀 | RFI순위#3 | 경로타당성78%
S036,장애물+소음+로봇접근 (엄격제외),strict_exclusion,206-3-000004,분당도서관 부설주차장,37.3581,127.11658,분당구,정자3동,4,10.0271,36,0.7302,0,0.55042,RFI=0.305 | Ds=10.03 | 36셀 | RFI순위#4 | 경로타당성73%
S036,장애물+소음+로봇접근 (엄격제외),strict_exclusion,206-2-000006,정자전원마을,37.35922,127.12451,분당구,정자3동,5,8.2083,31,0.71936,0,0.535,RFI=0.163 | Ds=8.21 | 31셀 | RFI순위#5 | 경로타당성72%
S036,장애물+소음+로봇접근 (엄격제외),strict_exclusion,205-2-000028,해오름,37.44109,127.15909,중원구,금광1동,6,0.0,0,0.5,0,0.50109,RFI=0.000 | Ds=0.00 | 0셀 | RFI순위#6 | 경로타당성50%
S037,장애물+소음+기상 (승인허용),approval_required_allowed,206-3-000001,분당구청 부설주차장,37.38262,127.11896,분당구,수내1동,1,25.5916,58,0.82629,58,0.69271,RFI=0.872 | Ds=25.59 | 58셀 | RFI순위#1 | 경로타당성83%
S037,장애물+소음+기상 (승인허용),approval_required_allowed,206-2-000020,백현동카페거리공영주차장,37.38545,127.11199,분당구,백현동,2,28.8036,60,0.78124,60,0.61974,RFI=0.855 | Ds=28.80 | 60셀 | RFI순위#2 | 경로타당성78%
S037,장애물+소음+기상 (승인허용),approval_required_allowed,206-2-000011,수내역환승,37.37928,127.11886,분당구,수내1동,3,25.6196,60,0.7752,60,0.69279,RFI=0.817 | Ds=25.62 | 60셀 | RFI순위#3 | 경로타당성78%
S037,장애물+소음+기상 (승인허용),approval_required_allowed,205-2-000001,대원천,37.42891,127.12015,중원구,성남동,4,20.3487,60,0.85268,60,0.54402,RFI=0.786 | Ds=20.35 | 60셀 | RFI순위#4 | 경로타당성85%
S037,장애물+소음+기상 (승인허용),approval_required_allowed,205-2-000002,성남동 대형,37.42891,127.12012,중원구,성남동,5,20.3487,60,0.85249,60,0.58517,RFI=0.785 | Ds=20.35 | 60셀 | RFI순위#5 | 경로타당성85%
S037,장애물+소음+기상 (승인허용),approval_required_allowed,205-1-000066,모란5,37.42951,127.12549,중원구,성남동,6,20.5653,58,0.80077,58,0.43353,RFI=0.773 | Ds=20.57 | 58셀 | RFI순위#6 | 경로타당성80%
S038,장애물+소음+기상 (엄격제외),strict_exclusion,206-3-000007,구미도서관,37.34553,127.10769,분당구,구미1동,1,15.476,48,0.7626,0,0.48579,RFI=0.711 | Ds=15.48 | 48셀 | RFI순위#1 | 경로타당성76%
S038,장애물+소음+기상 (엄격제외),strict_exclusion,206-2-000009,금곡동,37.35086,127.10686,분당구,금곡동,2,19.7821,57,0.69945,0,0.50197,RFI=0.600 | Ds=19.78 | 57셀 | RFI순위#2 | 경로타당성70%
S038,장애물+소음+기상 (엄격제외),strict_exclusion,206-2-000008,오리환승,37.33971,127.10941,분당구,구미동,3,11.1176,36,0.78196,0,0.51049,RFI=0.509 | Ds=11.12 | 36셀 | RFI순위#3 | 경로타당성78%
S038,장애물+소음+기상 (엄격제외),strict_exclusion,206-3-000004,분당도서관 부설주차장,37.3581,127.11658,분당구,정자3동,4,11.334,36,0.7302,0,0.55042,RFI=0.294 | Ds=11.33 | 36셀 | RFI순위#4 | 경로타당성73%
S038,장애물+소음+기상 (엄격제외),strict_exclusion,206-2-000006,정자전원마을,37.35922,127.12451,분당구,정자3동,5,9.2813,31,0.71936,0,0.535,RFI=0.168 | Ds=9.28 | 31셀 | RFI순위#5 | 경로타당성72%
S038,장애물+소음+기상 (엄격제외),strict_exclusion,205-2-000028,해오름,37.44109,127.15909,중원구,금광1동,6,0.0,0,0.5,0,0.50109,RFI=0.000 | Ds=0.00 | 0셀 | RFI순위#6 | 경로타당성50%
S039,장애물+소음 (승인허용),approval_required_allowed,206-3-000001,분당구청 부설주차장,37.38262,127.11896,분당구,수내1동,1,25.9244,58,0.82629,58,0.69271,RFI=0.872 | Ds=25.92 | 58셀 | RFI순위#1 | 경로타당성83%
S039,장애물+소음 (승인허용),approval_required_allowed,206-2-000020,백현동카페거리공영주차장,37.38545,127.11199,분당구,백현동,2,29.165,60,0.78124,60,0.61974,RFI=0.855 | Ds=29.16 | 60셀 | RFI순위#2 | 경로타당성78%
S039,장애물+소음 (승인허용),approval_required_allowed,206-2-000011,수내역환승,37.37928,127.11886,분당구,수내1동,3,25.9523,60,0.7752,60,0.69279,RFI=0.817 | Ds=25.95 | 60셀 | RFI순위#3 | 경로타당성78%
S039,장애물+소음 (승인허용),approval_required_allowed,205-2-000001,대원천,37.42891,127.12015,중원구,성남동,4,20.5876,60,0.85268,60,0.54402,RFI=0.786 | Ds=20.59 | 60셀 | RFI순위#4 | 경로타당성85%
S039,장애물+소음 (승인허용),approval_required_allowed,205-2-000002,성남동 대형,37.42891,127.12012,중원구,성남동,5,20.5876,60,0.85249,60,0.58517,RFI=0.785 | Ds=20.59 | 60셀 | RFI순위#5 | 경로타당성85%
S039,장애물+소음 (승인허용),approval_required_allowed,206-2-000007,정자역환승,37.36575,127.10733,분당구,정자1동,6,22.9919,58,0.78547,58,0.59838,RFI=0.773 | Ds=22.99 | 58셀 | RFI순위#6 | 경로타당성79%
S040,장애물+소음 (엄격제외),strict_exclusion,206-3-000007,구미도서관,37.34553,127.10769,분당구,구미1동,1,15.6729,48,0.7626,0,0.48579,RFI=0.712 | Ds=15.67 | 48셀 | RFI순위#1 | 경로타당성76%
S040,장애물+소음 (엄격제외),strict_exclusion,206-2-000009,금곡동,37.35086,127.10686,분당구,금곡동,2,20.0309,57,0.69945,0,0.50197,RFI=0.600 | Ds=20.03 | 57셀 | RFI순위#2 | 경로타당성70%
S040,장애물+소음 (엄격제외),strict_exclusion,206-2-000008,오리환승,37.33971,127.10941,분당구,구미동,3,11.2593,36,0.78196,0,0.51049,RFI=0.509 | Ds=11.26 | 36셀 | RFI순위#3 | 경로타당성78%
S040,장애물+소음 (엄격제외),strict_exclusion,206-3-000004,분당도서관 부설주차장,37.3581,127.11658,분당구,정자3동,4,11.4814,36,0.7302,0,0.55042,RFI=0.294 | Ds=11.48 | 36셀 | RFI순위#4 | 경로타당성73%
S040,장애물+소음 (엄격제외),strict_exclusion,206-2-000006,정자전원마을,37.35922,127.12451,분당구,정자3동,5,9.3937,31,0.71936,0,0.535,RFI=0.168 | Ds=9.39 | 31셀 | RFI순위#5 | 경로타당성72%
S040,장애물+소음 (엄격제외),strict_exclusion,205-2-000028,해오름,37.44109,127.15909,중원구,금광1동,6,0.0,0,0.5,0,0.50109,RFI=0.000 | Ds=0.00 | 0셀 | RFI순위#6 | 경로타당성50%
S041,장애물+로봇접근+기상 (승인허용),approval_required_allowed,206-3-000001,분당구청 부설주차장,37.38262,127.11896,분당구,수내1동,1,24.1917,58,0.82629,58,0.69271,RFI=0.868 | Ds=24.19 | 58셀 | RFI순위#1 | 경로타당성83%
S041,장애물+로봇접근+기상 (승인허용),approval_required_allowed,206-2-000020,백현동카페거리공영주차장,37.38545,127.11199,분당구,백현동,2,27.3839,60,0.78124,60,0.61974,RFI=0.844 | Ds=27.38 | 60셀 | RFI순위#2 | 경로타당성78%
S041,장애물+로봇접근+기상 (승인허용),approval_required_allowed,206-2-000011,수내역환승,37.37928,127.11886,분당구,수내1동,3,24.2961,60,0.7752,60,0.69279,RFI=0.817 | Ds=24.30 | 60셀 | RFI순위#3 | 경로타당성78%
S041,장애물+로봇접근+기상 (승인허용),approval_required_allowed,206-2-000007,정자역환승,37.36575,127.10733,분당구,정자1동,4,21.0459,58,0.78547,58,0.59838,RFI=0.770 | Ds=21.05 | 58셀 | RFI순위#4 | 경로타당성79%
S041,장애물+로봇접근+기상 (승인허용),approval_required_allowed,205-2-000001,대원천,37.42891,127.12015,중원구,성남동,5,18.2733,60,0.85268,60,0.54402,RFI=0.767 | Ds=18.27 | 60셀 | RFI순위#5 | 경로타당성85%
S041,장애물+로봇접근+기상 (승인허용),approval_required_allowed,205-2-000002,성남동 대형,37.42891,127.12012,중원구,성남동,6,18.2733,60,0.85249,60,0.58517,RFI=0.767 | Ds=18.27 | 60셀 | RFI순위#6 | 경로타당성85%
S042,장애물+로봇접근+기상 (엄격제외),strict_exclusion,206-3-000007,구미도서관,37.34553,127.10769,분당구,구미1동,1,13.8386,48,0.7626,0,0.48579,RFI=0.720 | Ds=13.84 | 48셀 | RFI순위#1 | 경로타당성76%
S042,장애물+로봇접근+기상 (엄격제외),strict_exclusion,206-2-000009,금곡동,37.35086,127.10686,분당구,금곡동,2,17.7553,57,0.69945,0,0.50197,RFI=0.600 | Ds=17.76 | 57셀 | RFI순위#2 | 경로타당성70%
S042,장애물+로봇접근+기상 (엄격제외),strict_exclusion,206-2-000008,오리환승,37.33971,127.10941,분당구,구미동,3,9.9369,36,0.78196,0,0.51049,RFI=0.470 | Ds=9.94 | 36셀 | RFI순위#3 | 경로타당성78%
S042,장애물+로봇접근+기상 (엄격제외),strict_exclusion,206-3-000004,분당도서관 부설주차장,37.3581,127.11658,분당구,정자3동,4,10.1704,36,0.7302,0,0.55042,RFI=0.300 | Ds=10.17 | 36셀 | RFI순위#4 | 경로타당성73%
S042,장애물+로봇접근+기상 (엄격제외),strict_exclusion,206-2-000006,정자전원마을,37.35922,127.12451,분당구,정자3동,5,8.3845,31,0.71936,0,0.535,RFI=0.173 | Ds=8.38 | 31셀 | RFI순위#5 | 경로타당성72%
S042,장애물+로봇접근+기상 (엄격제외),strict_exclusion,205-2-000028,해오름,37.44109,127.15909,중원구,금광1동,6,0.0,0,0.5,0,0.50109,RFI=0.000 | Ds=0.00 | 0셀 | RFI순위#6 | 경로타당성50%
S043,장애물+로봇접근 (승인허용),approval_required_allowed,206-3-000001,분당구청 부설주차장,37.38262,127.11896,분당구,수내1동,1,24.5246,58,0.82629,58,0.69271,RFI=0.868 | Ds=24.52 | 58셀 | RFI순위#1 | 경로타당성83%
S043,장애물+로봇접근 (승인허용),approval_required_allowed,206-2-000020,백현동카페거리공영주차장,37.38545,127.11199,분당구,백현동,2,27.7444,60,0.78124,60,0.61974,RFI=0.844 | Ds=27.74 | 60셀 | RFI순위#2 | 경로타당성78%
S043,장애물+로봇접근 (승인허용),approval_required_allowed,206-2-000011,수내역환승,37.37928,127.11886,분당구,수내1동,3,24.629,60,0.7752,60,0.69279,RFI=0.817 | Ds=24.63 | 60셀 | RFI순위#3 | 경로타당성78%
S043,장애물+로봇접근 (승인허용),approval_required_allowed,206-2-000007,정자역환승,37.36575,127.10733,분당구,정자1동,4,21.3354,58,0.78547,58,0.59838,RFI=0.771 | Ds=21.34 | 58셀 | RFI순위#4 | 경로타당성79%
S043,장애물+로봇접근 (승인허용),approval_required_allowed,205-2-000001,대원천,37.42891,127.12015,중원구,성남동,5,18.5123,60,0.85268,60,0.54402,RFI=0.767 | Ds=18.51 | 60셀 | RFI순위#5 | 경로타당성85%
S043,장애물+로봇접근 (승인허용),approval_required_allowed,205-2-000002,성남동 대형,37.42891,127.12012,중원구,성남동,6,18.5123,60,0.85249,60,0.58517,RFI=0.767 | Ds=18.51 | 60셀 | RFI순위#6 | 경로타당성85%
S044,장애물+로봇접근 (엄격제외),strict_exclusion,206-3-000007,구미도서관,37.34553,127.10769,분당구,구미1동,1,14.0354,48,0.7626,0,0.48579,RFI=0.720 | Ds=14.04 | 48셀 | RFI순위#1 | 경로타당성76%
S044,장애물+로봇접근 (엄격제외),strict_exclusion,206-2-000009,금곡동,37.35086,127.10686,분당구,금곡동,2,18.0036,57,0.69945,0,0.50197,RFI=0.600 | Ds=18.00 | 57셀 | RFI순위#2 | 경로타당성70%
S044,장애물+로봇접근 (엄격제외),strict_exclusion,206-2-000008,오리환승,37.33971,127.10941,분당구,구미동,3,10.0785,36,0.78196,0,0.51049,RFI=0.471 | Ds=10.08 | 36셀 | RFI순위#3 | 경로타당성78%
S044,장애물+로봇접근 (엄격제외),strict_exclusion,206-3-000004,분당도서관 부설주차장,37.3581,127.11658,분당구,정자3동,4,10.3176,36,0.7302,0,0.55042,RFI=0.300 | Ds=10.32 | 36셀 | RFI순위#4 | 경로타당성73%
S044,장애물+로봇접근 (엄격제외),strict_exclusion,206-2-000006,정자전원마을,37.35922,127.12451,분당구,정자3동,5,8.4973,31,0.71936,0,0.535,RFI=0.174 | Ds=8.50 | 31셀 | RFI순위#5 | 경로타당성72%
S044,장애물+로봇접근 (엄격제외),strict_exclusion,205-2-000028,해오름,37.44109,127.15909,중원구,금광1동,6,0.0,0,0.5,0,0.50109,RFI=0.000 | Ds=0.00 | 0셀 | RFI순위#6 | 경로타당성50%
S045,장애물+기상 (승인허용),approval_required_allowed,206-3-000001,분당구청 부설주차장,37.38262,127.11896,분당구,수내1동,1,26.1575,58,0.82629,58,0.69271,RFI=0.869 | Ds=26.16 | 58셀 | RFI순위#1 | 경로타당성83%
S045,장애물+기상 (승인허용),approval_required_allowed,206-2-000020,백현동카페거리공영주차장,37.38545,127.11199,분당구,백현동,2,29.4577,60,0.78124,60,0.61974,RFI=0.855 | Ds=29.46 | 60셀 | RFI순위#2 | 경로타당성78%
S045,장애물+기상 (승인허용),approval_required_allowed,206-2-000011,수내역환승,37.37928,127.11886,분당구,수내1동,3,26.1934,60,0.7752,60,0.69279,RFI=0.810 | Ds=26.19 | 60셀 | RFI순위#3 | 경로타당성78%
S045,장애물+기상 (승인허용),approval_required_allowed,205-2-000001,대원천,37.42891,127.12015,중원구,성남동,4,20.9857,60,0.85268,60,0.54402,RFI=0.781 | Ds=20.99 | 60셀 | RFI순위#4 | 경로타당성85%
S045,장애물+기상 (승인허용),approval_required_allowed,205-2-000002,성남동 대형,37.42891,127.12012,중원구,성남동,5,20.9857,60,0.85249,60,0.58517,RFI=0.781 | Ds=20.99 | 60셀 | RFI순위#5 | 경로타당성85%
S045,장애물+기상 (승인허용),approval_required_allowed,205-1-000066,모란5,37.42951,127.12549,중원구,성남동,6,21.6538,58,0.80077,58,0.43353,RFI=0.780 | Ds=21.65 | 58셀 | RFI순위#6 | 경로타당성80%
S046,장애물+기상 (엄격제외),strict_exclusion,206-3-000007,구미도서관,37.34553,127.10769,분당구,구미1동,1,15.8557,48,0.7626,0,0.48579,RFI=0.722 | Ds=15.86 | 48셀 | RFI순위#1 | 경로타당성76%
S046,장애물+기상 (엄격제외),strict_exclusion,206-2-000009,금곡동,37.35086,127.10686,분당구,금곡동,2,20.2643,57,0.69945,0,0.50197,RFI=0.600 | Ds=20.26 | 57셀 | RFI순위#2 | 경로타당성70%
S046,장애물+기상 (엄격제외),strict_exclusion,206-2-000008,오리환승,37.33971,127.10941,분당구,구미동,3,11.3995,36,0.78196,0,0.51049,RFI=0.506 | Ds=11.40 | 36셀 | RFI순위#3 | 경로타당성78%
S046,장애물+기상 (엄격제외),strict_exclusion,206-3-000004,분당도서관 부설주차장,37.3581,127.11658,분당구,정자3동,4,11.6242,36,0.7302,0,0.55042,RFI=0.296 | Ds=11.62 | 36셀 | RFI순위#4 | 경로타당성73%
S046,장애물+기상 (엄격제외),strict_exclusion,206-2-000006,정자전원마을,37.35922,127.12451,분당구,정자3동,5,9.5696,31,0.71936,0,0.535,RFI=0.184 | Ds=9.57 | 31셀 | RFI순위#5 | 경로타당성72%
S046,장애물+기상 (엄격제외),strict_exclusion,205-2-000028,해오름,37.44109,127.15909,중원구,금광1동,6,0.0,0,0.5,0,0.50109,RFI=0.000 | Ds=0.00 | 0셀 | RFI순위#6 | 경로타당성50%
S047,장애물 (승인허용),approval_required_allowed,206-3-000001,분당구청 부설주차장,37.38262,127.11896,분당구,수내1동,1,26.4902,58,0.82629,58,0.69271,RFI=0.869 | Ds=26.49 | 58셀 | RFI순위#1 | 경로타당성83%
S047,장애물 (승인허용),approval_required_allowed,206-2-000020,백현동카페거리공영주차장,37.38545,127.11199,분당구,백현동,2,29.818,60,0.78124,60,0.61974,RFI=0.855 | Ds=29.82 | 60셀 | RFI순위#2 | 경로타당성78%
S047,장애물 (승인허용),approval_required_allowed,206-2-000011,수내역환승,37.37928,127.11886,분당구,수내1동,3,26.5262,60,0.7752,60,0.69279,RFI=0.810 | Ds=26.53 | 60셀 | RFI순위#3 | 경로타당성78%
S047,장애물 (승인허용),approval_required_allowed,205-2-000001,대원천,37.42891,127.12015,중원구,성남동,4,21.2258,60,0.85268,60,0.54402,RFI=0.781 | Ds=21.23 | 60셀 | RFI순위#4 | 경로타당성85%
S047,장애물 (승인허용),approval_required_allowed,205-2-000002,성남동 대형,37.42891,127.12012,중원구,성남동,5,21.2258,60,0.85249,60,0.58517,RFI=0.781 | Ds=21.23 | 60셀 | RFI순위#5 | 경로타당성85%
S047,장애물 (승인허용),approval_required_allowed,205-1-000066,모란5,37.42951,127.12549,중원구,성남동,6,21.9032,58,0.80077,58,0.43353,RFI=0.780 | Ds=21.90 | 58셀 | RFI순위#6 | 경로타당성80%
S048,장애물 (엄격제외),strict_exclusion,206-3-000007,구미도서관,37.34553,127.10769,분당구,구미1동,1,16.052,48,0.7626,0,0.48579,RFI=0.722 | Ds=16.05 | 48셀 | RFI순위#1 | 경로타당성76%
S048,장애물 (엄격제외),strict_exclusion,206-2-000009,금곡동,37.35086,127.10686,분당구,금곡동,2,20.5121,57,0.69945,0,0.50197,RFI=0.600 | Ds=20.51 | 57셀 | RFI순위#2 | 경로타당성70%
S048,장애물 (엄격제외),strict_exclusion,206-2-000008,오리환승,37.33971,127.10941,분당구,구미동,3,11.5409,36,0.78196,0,0.51049,RFI=0.506 | Ds=11.54 | 36셀 | RFI순위#3 | 경로타당성78%
S048,장애물 (엄격제외),strict_exclusion,206-3-000004,분당도서관 부설주차장,37.3581,127.11658,분당구,정자3동,4,11.7716,36,0.7302,0,0.55042,RFI=0.296 | Ds=11.77 | 36셀 | RFI순위#4 | 경로타당성73%
S048,장애물 (엄격제외),strict_exclusion,206-2-000006,정자전원마을,37.35922,127.12451,분당구,정자3동,5,9.6823,31,0.71936,0,0.535,RFI=0.185 | Ds=9.68 | 31셀 | RFI순위#5 | 경로타당성72%
S048,장애물 (엄격제외),strict_exclusion,205-2-000028,해오름,37.44109,127.15909,중원구,금광1동,6,0.0,0,0.5,0,0.50109,RFI=0.000 | Ds=0.00 | 0셀 | RFI순위#6 | 경로타당성50%
S049,소음+로봇접근+기상 (승인허용),approval_required_allowed,206-3-000001,분당구청 부설주차장,37.38262,127.11896,분당구,수내1동,1,26.9097,58,0.82629,58,0.69271,RFI=0.857 | Ds=26.91 | 58셀 | RFI순위#1 | 경로타당성83%
S049,소음+로봇접근+기상 (승인허용),approval_required_allowed,206-2-000011,수내역환승,37.37928,127.11886,분당구,수내1동,2,26.9511,60,0.7752,60,0.69279,RFI=0.828 | Ds=26.95 | 60셀 | RFI순위#2 | 경로타당성78%
S049,소음+로봇접근+기상 (승인허용),approval_required_allowed,206-2-000020,백현동카페거리공영주차장,37.38545,127.11199,분당구,백현동,3,29.1935,60,0.78124,60,0.61974,RFI=0.826 | Ds=29.19 | 60셀 | RFI순위#3 | 경로타당성78%
S049,소음+로봇접근+기상 (승인허용),approval_required_allowed,206-2-000023,정자동공영주차장,37.37109,127.11221,분당구,정자동,4,26.6848,59,0.76254,59,0.60193,RFI=0.782 | Ds=26.68 | 59셀 | RFI순위#4 | 경로타당성76%
S049,소음+로봇접근+기상 (승인허용),approval_required_allowed,206-2-000007,정자역환승,37.36575,127.10733,분당구,정자1동,5,22.8373,58,0.78547,58,0.59838,RFI=0.780 | Ds=22.84 | 58셀 | RFI순위#5 | 경로타당성79%
S049,소음+로봇접근+기상 (승인허용),approval_required_allowed,206-2-000003,야탑 제2환승,37.41176,127.12816,분당구,야탑1동,6,22.2402,58,0.69246,58,0.54234,RFI=0.763 | Ds=22.24 | 58셀 | RFI순위#6 | 경로타당성69%
S050,소음+로봇접근+기상 (엄격제외),strict_exclusion,206-3-000007,구미도서관,37.34553,127.10769,분당구,구미1동,1,14.9748,48,0.7626,0,0.48579,RFI=0.734 | Ds=14.97 | 48셀 | RFI순위#1 | 경로타당성76%
S050,소음+로봇접근+기상 (엄격제외),strict_exclusion,206-2-000009,금곡동,37.35086,127.10686,분당구,금곡동,2,18.9573,57,0.69945,0,0.50197,RFI=0.600 | Ds=18.96 | 57셀 | RFI순위#2 | 경로타당성70%
S050,소음+로봇접근+기상 (엄격제외),strict_exclusion,206-2-000008,오리환승,37.33971,127.10941,분당구,구미동,3,10.7587,36,0.78196,0,0.51049,RFI=0.504 | Ds=10.76 | 36셀 | RFI순위#3 | 경로타당성78%
S050,소음+로봇접근+기상 (엄격제외),strict_exclusion,206-3-000004,분당도서관 부설주차장,37.3581,127.11658,분당구,정자3동,4,11.2617,36,0.7302,0,0.55042,RFI=0.327 | Ds=11.26 | 36셀 | RFI순위#4 | 경로타당성73%
S050,소음+로봇접근+기상 (엄격제외),strict_exclusion,206-2-000006,정자전원마을,37.35922,127.12451,분당구,정자3동,5,8.4414,31,0.71936,0,0.535,RFI=0.172 | Ds=8.44 | 31셀 | RFI순위#5 | 경로타당성72%
S050,소음+로봇접근+기상 (엄격제외),strict_exclusion,205-2-000028,해오름,37.44109,127.15909,중원구,금광1동,6,0.0,0,0.5,0,0.50109,RFI=0.000 | Ds=0.00 | 0셀 | RFI순위#6 | 경로타당성50%
S051,소음+로봇접근 (승인허용),approval_required_allowed,206-3-000001,분당구청 부설주차장,37.38262,127.11896,분당구,수내1동,1,27.2429,58,0.82629,58,0.69271,RFI=0.857 | Ds=27.24 | 58셀 | RFI순위#1 | 경로타당성83%
S051,소음+로봇접근 (승인허용),approval_required_allowed,206-2-000011,수내역환승,37.37928,127.11886,분당구,수내1동,2,27.2837,60,0.7752,60,0.69279,RFI=0.828 | Ds=27.28 | 60셀 | RFI순위#2 | 경로타당성78%
S051,소음+로봇접근 (승인허용),approval_required_allowed,206-2-000020,백현동카페거리공영주차장,37.38545,127.11199,분당구,백현동,3,29.5542,60,0.78124,60,0.61974,RFI=0.826 | Ds=29.55 | 60셀 | RFI순위#3 | 경로타당성78%
S051,소음+로봇접근 (승인허용),approval_required_allowed,206-2-000023,정자동공영주차장,37.37109,127.11221,분당구,정자동,4,27.0117,59,0.76254,59,0.60193,RFI=0.782 | Ds=27.01 | 59셀 | RFI순위#4 | 경로타당성76%
S051,소음+로봇접근 (승인허용),approval_required_allowed,206-2-000007,정자역환승,37.36575,127.10733,분당구,정자1동,5,23.127,58,0.78547,58,0.59838,RFI=0.780 | Ds=23.13 | 58셀 | RFI순위#5 | 경로타당성79%
S051,소음+로봇접근 (승인허용),approval_required_allowed,206-2-000003,야탑 제2환승,37.41176,127.12816,분당구,야탑1동,6,22.5252,58,0.69246,58,0.54234,RFI=0.763 | Ds=22.53 | 58셀 | RFI순위#6 | 경로타당성69%
S052,소음+로봇접근 (엄격제외),strict_exclusion,206-3-000007,구미도서관,37.34553,127.10769,분당구,구미1동,1,15.1711,48,0.7626,0,0.48579,RFI=0.734 | Ds=15.17 | 48셀 | RFI순위#1 | 경로타당성76%
S052,소음+로봇접근 (엄격제외),strict_exclusion,206-2-000009,금곡동,37.35086,127.10686,분당구,금곡동,2,19.2055,57,0.69945,0,0.50197,RFI=0.600 | Ds=19.21 | 57셀 | RFI순위#2 | 경로타당성70%
S052,소음+로봇접근 (엄격제외),strict_exclusion,206-2-000008,오리환승,37.33971,127.10941,분당구,구미동,3,10.9004,36,0.78196,0,0.51049,RFI=0.505 | Ds=10.90 | 36셀 | RFI순위#3 | 경로타당성78%
S052,소음+로봇접근 (엄격제외),strict_exclusion,206-3-000004,분당도서관 부설주차장,37.3581,127.11658,분당구,정자3동,4,11.4087,36,0.7302,0,0.55042,RFI=0.327 | Ds=11.41 | 36셀 | RFI순위#4 | 경로타당성73%
S052,소음+로봇접근 (엄격제외),strict_exclusion,206-2-000006,정자전원마을,37.35922,127.12451,분당구,정자3동,5,8.5539,31,0.71936,0,0.535,RFI=0.173 | Ds=8.55 | 31셀 | RFI순위#5 | 경로타당성72%
S052,소음+로봇접근 (엄격제외),strict_exclusion,205-2-000028,해오름,37.44109,127.15909,중원구,금광1동,6,0.0,0,0.5,0,0.50109,RFI=0.000 | Ds=0.00 | 0셀 | RFI순위#6 | 경로타당성50%
S053,소음+기상 (승인허용),approval_required_allowed,206-3-000001,분당구청 부설주차장,37.38262,127.11896,분당구,수내1동,1,28.875,58,0.82629,58,0.69271,RFI=0.859 | Ds=28.88 | 58셀 | RFI순위#1 | 경로타당성83%
S053,소음+기상 (승인허용),approval_required_allowed,206-2-000020,백현동카페거리공영주차장,37.38545,127.11199,분당구,백현동,2,31.2664,60,0.78124,60,0.61974,RFI=0.836 | Ds=31.27 | 60셀 | RFI순위#2 | 경로타당성78%
S053,소음+기상 (승인허용),approval_required_allowed,206-2-000011,수내역환승,37.37928,127.11886,분당구,수내1동,3,28.8481,60,0.7752,60,0.69279,RFI=0.823 | Ds=28.85 | 60셀 | RFI순위#3 | 경로타당성78%
S053,소음+기상 (승인허용),approval_required_allowed,206-2-000007,정자역환승,37.36575,127.10733,분당구,정자1동,4,25.0695,58,0.78547,58,0.59838,RFI=0.781 | Ds=25.07 | 58셀 | RFI순위#4 | 경로타당성79%
S053,소음+기상 (승인허용),approval_required_allowed,206-2-000023,정자동공영주차장,37.37109,127.11221,분당구,정자동,5,28.4395,59,0.76254,59,0.60193,RFI=0.775 | Ds=28.44 | 59셀 | RFI순위#5 | 경로타당성76%
S053,소음+기상 (승인허용),approval_required_allowed,206-2-000003,야탑 제2환승,37.41176,127.12816,분당구,야탑1동,6,24.521,58,0.69246,58,0.54234,RFI=0.770 | Ds=24.52 | 58셀 | RFI순위#6 | 경로타당성69%
S054,소음+기상 (엄격제외),strict_exclusion,206-3-000007,구미도서관,37.34553,127.10769,분당구,구미1동,1,16.9921,48,0.7626,0,0.48579,RFI=0.711 | Ds=16.99 | 48셀 | RFI순위#1 | 경로타당성76%
S054,소음+기상 (엄격제외),strict_exclusion,206-2-000009,금곡동,37.35086,127.10686,분당구,금곡동,2,21.4665,57,0.69945,0,0.50197,RFI=0.600 | Ds=21.47 | 57셀 | RFI순위#2 | 경로타당성70%
S054,소음+기상 (엄격제외),strict_exclusion,206-2-000008,오리환승,37.33971,127.10941,분당구,구미동,3,12.2218,36,0.78196,0,0.51049,RFI=0.525 | Ds=12.22 | 36셀 | RFI순위#3 | 경로타당성78%
S054,소음+기상 (엄격제외),strict_exclusion,206-3-000004,분당도서관 부설주차장,37.3581,127.11658,분당구,정자3동,4,12.7157,36,0.7302,0,0.55042,RFI=0.307 | Ds=12.72 | 36셀 | RFI순위#4 | 경로타당성73%
S054,소음+기상 (엄격제외),strict_exclusion,206-2-000006,정자전원마을,37.35922,127.12451,분당구,정자3동,5,9.627,31,0.71936,0,0.535,RFI=0.172 | Ds=9.63 | 31셀 | RFI순위#5 | 경로타당성72%
S054,소음+기상 (엄격제외),strict_exclusion,205-2-000028,해오름,37.44109,127.15909,중원구,금광1동,6,0.0,0,0.5,0,0.50109,RFI=0.000 | Ds=0.00 | 0셀 | RFI순위#6 | 경로타당성50%
S055,소음 (승인허용),approval_required_allowed,206-3-000001,분당구청 부설주차장,37.38262,127.11896,분당구,수내1동,1,29.2078,58,0.82629,58,0.69271,RFI=0.859 | Ds=29.21 | 58셀 | RFI순위#1 | 경로타당성83%
S055,소음 (승인허용),approval_required_allowed,206-2-000020,백현동카페거리공영주차장,37.38545,127.11199,분당구,백현동,2,31.6271,60,0.78124,60,0.61974,RFI=0.836 | Ds=31.63 | 60셀 | RFI순위#2 | 경로타당성78%
S055,소음 (승인허용),approval_required_allowed,206-2-000011,수내역환승,37.37928,127.11886,분당구,수내1동,3,29.1807,60,0.7752,60,0.69279,RFI=0.823 | Ds=29.18 | 60셀 | RFI순위#3 | 경로타당성78%
S055,소음 (승인허용),approval_required_allowed,206-2-000007,정자역환승,37.36575,127.10733,분당구,정자1동,4,25.3592,58,0.78547,58,0.59838,RFI=0.781 | Ds=25.36 | 58셀 | RFI순위#4 | 경로타당성79%
S055,소음 (승인허용),approval_required_allowed,206-2-000023,정자동공영주차장,37.37109,127.11221,분당구,정자동,5,28.7664,59,0.76254,59,0.60193,RFI=0.775 | Ds=28.77 | 59셀 | RFI순위#5 | 경로타당성76%
S055,소음 (승인허용),approval_required_allowed,206-2-000003,야탑 제2환승,37.41176,127.12816,분당구,야탑1동,6,24.8053,58,0.69246,58,0.54234,RFI=0.770 | Ds=24.81 | 58셀 | RFI순위#6 | 경로타당성69%
S056,소음 (엄격제외),strict_exclusion,206-3-000007,구미도서관,37.34553,127.10769,분당구,구미1동,1,17.1884,48,0.7626,0,0.48579,RFI=0.711 | Ds=17.19 | 48셀 | RFI순위#1 | 경로타당성76%
S056,소음 (엄격제외),strict_exclusion,206-2-000009,금곡동,37.35086,127.10686,분당구,금곡동,2,21.7147,57,0.69945,0,0.50197,RFI=0.600 | Ds=21.71 | 57셀 | RFI순위#2 | 경로타당성70%
S056,소음 (엄격제외),strict_exclusion,206-2-000008,오리환승,37.33971,127.10941,분당구,구미동,3,12.363,36,0.78196,0,0.51049,RFI=0.525 | Ds=12.36 | 36셀 | RFI순위#3 | 경로타당성78%
S056,소음 (엄격제외),strict_exclusion,206-3-000004,분당도서관 부설주차장,37.3581,127.11658,분당구,정자3동,4,12.8628,36,0.7302,0,0.55042,RFI=0.307 | Ds=12.86 | 36셀 | RFI순위#4 | 경로타당성73%
S056,소음 (엄격제외),strict_exclusion,206-2-000006,정자전원마을,37.35922,127.12451,분당구,정자3동,5,9.739,31,0.71936,0,0.535,RFI=0.172 | Ds=9.74 | 31셀 | RFI순위#5 | 경로타당성72%
S056,소음 (엄격제외),strict_exclusion,205-2-000028,해오름,37.44109,127.15909,중원구,금광1동,6,0.0,0,0.5,0,0.50109,RFI=0.000 | Ds=0.00 | 0셀 | RFI순위#6 | 경로타당성50%
S057,로봇접근+기상 (승인허용),approval_required_allowed,206-3-000001,분당구청 부설주차장,37.38262,127.11896,분당구,수내1동,1,27.475,58,0.82629,58,0.69271,RFI=0.849 | Ds=27.48 | 58셀 | RFI순위#1 | 경로타당성83%
S057,로봇접근+기상 (승인허용),approval_required_allowed,206-2-000020,백현동카페거리공영주차장,37.38545,127.11199,분당구,백현동,2,29.8466,60,0.78124,60,0.61974,RFI=0.822 | Ds=29.85 | 60셀 | RFI순위#2 | 경로타당성78%
S057,로봇접근+기상 (승인허용),approval_required_allowed,206-2-000011,수내역환승,37.37928,127.11886,분당구,수내1동,3,27.5244,60,0.7752,60,0.69279,RFI=0.819 | Ds=27.52 | 60셀 | RFI순위#3 | 경로타당성78%
S057,로봇접근+기상 (승인허용),approval_required_allowed,206-2-000023,정자동공영주차장,37.37109,127.11221,분당구,정자동,4,27.1876,59,0.76254,59,0.60193,RFI=0.778 | Ds=27.19 | 59셀 | RFI순위#4 | 경로타당성76%
S057,로봇접근+기상 (승인허용),approval_required_allowed,206-2-000007,정자역환승,37.36575,127.10733,분당구,정자1동,5,23.4131,58,0.78547,58,0.59838,RFI=0.774 | Ds=23.41 | 58셀 | RFI순위#5 | 경로타당성79%
S057,로봇접근+기상 (승인허용),approval_required_allowed,206-2-000003,야탑 제2환승,37.41176,127.12816,분당구,야탑1동,6,22.9058,58,0.69246,58,0.54234,RFI=0.765 | Ds=22.91 | 58셀 | RFI순위#6 | 경로타당성69%
S058,로봇접근+기상 (엄격제외),strict_exclusion,206-3-000007,구미도서관,37.34553,127.10769,분당구,구미1동,1,15.3549,48,0.7626,0,0.48579,RFI=0.733 | Ds=15.35 | 48셀 | RFI순위#1 | 경로타당성76%
S058,로봇접근+기상 (엄격제외),strict_exclusion,206-2-000009,금곡동,37.35086,127.10686,분당구,금곡동,2,19.4398,57,0.69945,0,0.50197,RFI=0.600 | Ds=19.44 | 57셀 | RFI순위#2 | 경로타당성70%
S058,로봇접근+기상 (엄격제외),strict_exclusion,206-2-000008,오리환승,37.33971,127.10941,분당구,구미동,3,11.041,36,0.78196,0,0.51049,RFI=0.484 | Ds=11.04 | 36셀 | RFI순위#3 | 경로타당성78%
S058,로봇접근+기상 (엄격제외),strict_exclusion,206-3-000004,분당도서관 부설주차장,37.3581,127.11658,분당구,정자3동,4,11.5521,36,0.7302,0,0.55042,RFI=0.321 | Ds=11.55 | 36셀 | RFI순위#4 | 경로타당성73%
S058,로봇접근+기상 (엄격제외),strict_exclusion,206-2-000006,정자전원마을,37.35922,127.12451,분당구,정자3동,5,8.73,31,0.71936,0,0.535,RFI=0.187 | Ds=8.73 | 31셀 | RFI순위#5 | 경로타당성72%
S058,로봇접근+기상 (엄격제외),strict_exclusion,205-2-000028,해오름,37.44109,127.15909,중원구,금광1동,6,0.0,0,0.5,0,0.50109,RFI=0.000 | Ds=0.00 | 0셀 | RFI순위#6 | 경로타당성50%
S059,로봇접근 (승인허용),approval_required_allowed,206-3-000001,분당구청 부설주차장,37.38262,127.11896,분당구,수내1동,1,27.808,58,0.82629,58,0.69271,RFI=0.849 | Ds=27.81 | 58셀 | RFI순위#1 | 경로타당성83%
S059,로봇접근 (승인허용),approval_required_allowed,206-2-000020,백현동카페거리공영주차장,37.38545,127.11199,분당구,백현동,2,30.2078,60,0.78124,60,0.61974,RFI=0.822 | Ds=30.21 | 60셀 | RFI순위#2 | 경로타당성78%
S059,로봇접근 (승인허용),approval_required_allowed,206-2-000011,수내역환승,37.37928,127.11886,분당구,수내1동,3,27.8568,60,0.7752,60,0.69279,RFI=0.819 | Ds=27.86 | 60셀 | RFI순위#3 | 경로타당성78%
S059,로봇접근 (승인허용),approval_required_allowed,206-2-000023,정자동공영주차장,37.37109,127.11221,분당구,정자동,4,27.5143,59,0.76254,59,0.60193,RFI=0.778 | Ds=27.51 | 59셀 | RFI순위#4 | 경로타당성76%
S059,로봇접근 (승인허용),approval_required_allowed,206-2-000007,정자역환승,37.36575,127.10733,분당구,정자1동,5,23.7031,58,0.78547,58,0.59838,RFI=0.774 | Ds=23.70 | 58셀 | RFI순위#5 | 경로타당성79%
S059,로봇접근 (승인허용),approval_required_allowed,206-2-000003,야탑 제2환승,37.41176,127.12816,분당구,야탑1동,6,23.1908,58,0.69246,58,0.54234,RFI=0.765 | Ds=23.19 | 58셀 | RFI순위#6 | 경로타당성69%
S060,로봇접근 (엄격제외),strict_exclusion,206-3-000007,구미도서관,37.34553,127.10769,분당구,구미1동,1,15.551,48,0.7626,0,0.48579,RFI=0.733 | Ds=15.55 | 48셀 | RFI순위#1 | 경로타당성76%
S060,로봇접근 (엄격제외),strict_exclusion,206-2-000009,금곡동,37.35086,127.10686,분당구,금곡동,2,19.6877,57,0.69945,0,0.50197,RFI=0.600 | Ds=19.69 | 57셀 | RFI순위#2 | 경로타당성70%
S060,로봇접근 (엄격제외),strict_exclusion,206-2-000008,오리환승,37.33971,127.10941,분당구,구미동,3,11.1825,36,0.78196,0,0.51049,RFI=0.484 | Ds=11.18 | 36셀 | RFI순위#3 | 경로타당성78%
S060,로봇접근 (엄격제외),strict_exclusion,206-3-000004,분당도서관 부설주차장,37.3581,127.11658,분당구,정자3동,4,11.6992,36,0.7302,0,0.55042,RFI=0.321 | Ds=11.70 | 36셀 | RFI순위#4 | 경로타당성73%
S060,로봇접근 (엄격제외),strict_exclusion,206-2-000006,정자전원마을,37.35922,127.12451,분당구,정자3동,5,8.8426,31,0.71936,0,0.535,RFI=0.187 | Ds=8.84 | 31셀 | RFI순위#5 | 경로타당성72%
S060,로봇접근 (엄격제외),strict_exclusion,205-2-000028,해오름,37.44109,127.15909,중원구,금광1동,6,0.0,0,0.5,0,0.50109,RFI=0.000 | Ds=0.00 | 0셀 | RFI순위#6 | 경로타당성50%
S061,기상 (승인허용),approval_required_allowed,206-3-000001,분당구청 부설주차장,37.38262,127.11896,분당구,수내1동,1,29.4402,58,0.82629,58,0.69271,RFI=0.852 | Ds=29.44 | 58셀 | RFI순위#1 | 경로타당성83%
S061,기상 (승인허용),approval_required_allowed,206-2-000020,백현동카페거리공영주차장,37.38545,127.11199,분당구,백현동,2,31.9207,60,0.78124,60,0.61974,RFI=0.833 | Ds=31.92 | 60셀 | RFI순위#2 | 경로타당성78%
S061,기상 (승인허용),approval_required_allowed,206-2-000011,수내역환승,37.37928,127.11886,분당구,수내1동,3,29.4209,60,0.7752,60,0.69279,RFI=0.814 | Ds=29.42 | 60셀 | RFI순위#3 | 경로타당성78%
S061,기상 (승인허용),approval_required_allowed,206-2-000007,정자역환승,37.36575,127.10733,분당구,정자1동,4,25.646,58,0.78547,58,0.59838,RFI=0.776 | Ds=25.65 | 58셀 | RFI순위#4 | 경로타당성79%
S061,기상 (승인허용),approval_required_allowed,206-2-000023,정자동공영주차장,37.37109,127.11221,분당구,정자동,5,28.9427,59,0.76254,59,0.60193,RFI=0.772 | Ds=28.94 | 59셀 | RFI순위#5 | 경로타당성76%
S061,기상 (승인허용),approval_required_allowed,206-2-000003,야탑 제2환승,37.41176,127.12816,분당구,야탑1동,6,25.1846,58,0.69246,58,0.54234,RFI=0.771 | Ds=25.18 | 58셀 | RFI순위#6 | 경로타당성69%
S062,기상 (엄격제외),strict_exclusion,206-3-000007,구미도서관,37.34553,127.10769,분당구,구미1동,1,17.3721,48,0.7626,0,0.48579,RFI=0.727 | Ds=17.37 | 48셀 | RFI순위#1 | 경로타당성76%
S062,기상 (엄격제외),strict_exclusion,206-2-000009,금곡동,37.35086,127.10686,분당구,금곡동,2,21.9485,57,0.69945,0,0.50197,RFI=0.600 | Ds=21.95 | 57셀 | RFI순위#2 | 경로타당성70%
S062,기상 (엄격제외),strict_exclusion,206-2-000008,오리환승,37.33971,127.10941,분당구,구미동,3,12.5042,36,0.78196,0,0.51049,RFI=0.523 | Ds=12.50 | 36셀 | RFI순위#3 | 경로타당성78%
S062,기상 (엄격제외),strict_exclusion,206-3-000004,분당도서관 부설주차장,37.3581,127.11658,분당구,정자3동,4,13.0068,36,0.7302,0,0.55042,RFI=0.311 | Ds=13.01 | 36셀 | RFI순위#4 | 경로타당성73%
S062,기상 (엄격제외),strict_exclusion,206-2-000006,정자전원마을,37.35922,127.12451,분당구,정자3동,5,9.9165,31,0.71936,0,0.535,RFI=0.196 | Ds=9.92 | 31셀 | RFI순위#5 | 경로타당성72%
S062,기상 (엄격제외),strict_exclusion,205-2-000028,해오름,37.44109,127.15909,중원구,금광1동,6,0.0,0,0.5,0,0.50109,RFI=0.000 | Ds=0.00 | 0셀 | RFI순위#6 | 경로타당성50%
S063,제약없음 (승인허용),approval_required_allowed,206-3-000001,분당구청 부설주차장,37.38262,127.11896,분당구,수내1동,1,29.7733,58,0.82629,58,0.69271,RFI=0.852 | Ds=29.77 | 58셀 | RFI순위#1 | 경로타당성83%
S063,제약없음 (승인허용),approval_required_allowed,206-2-000020,백현동카페거리공영주차장,37.38545,127.11199,분당구,백현동,2,32.281,60,0.78124,60,0.61974,RFI=0.833 | Ds=32.28 | 60셀 | RFI순위#2 | 경로타당성78%
S063,제약없음 (승인허용),approval_required_allowed,206-2-000011,수내역환승,37.37928,127.11886,분당구,수내1동,3,29.7537,60,0.7752,60,0.69279,RFI=0.814 | Ds=29.75 | 60셀 | RFI순위#3 | 경로타당성78%
S063,제약없음 (승인허용),approval_required_allowed,206-2-000007,정자역환승,37.36575,127.10733,분당구,정자1동,4,25.9341,58,0.78547,58,0.59838,RFI=0.776 | Ds=25.93 | 58셀 | RFI순위#4 | 경로타당성79%
S063,제약없음 (승인허용),approval_required_allowed,206-2-000023,정자동공영주차장,37.37109,127.11221,분당구,정자동,5,29.2684,59,0.76254,59,0.60193,RFI=0.772 | Ds=29.27 | 59셀 | RFI순위#5 | 경로타당성76%
S063,제약없음 (승인허용),approval_required_allowed,206-2-000003,야탑 제2환승,37.41176,127.12816,분당구,야탑1동,6,25.4704,58,0.69246,58,0.54234,RFI=0.771 | Ds=25.47 | 58셀 | RFI순위#6 | 경로타당성69%
S064,제약없음 (엄격제외),strict_exclusion,206-3-000007,구미도서관,37.34553,127.10769,분당구,구미1동,1,17.5692,48,0.7626,0,0.48579,RFI=0.727 | Ds=17.57 | 48셀 | RFI순위#1 | 경로타당성76%
S064,제약없음 (엄격제외),strict_exclusion,206-2-000009,금곡동,37.35086,127.10686,분당구,금곡동,2,22.1967,57,0.69945,0,0.50197,RFI=0.600 | Ds=22.20 | 57셀 | RFI순위#2 | 경로타당성70%
S064,제약없음 (엄격제외),strict_exclusion,206-2-000008,오리환승,37.33971,127.10941,분당구,구미동,3,12.6464,36,0.78196,0,0.51049,RFI=0.523 | Ds=12.65 | 36셀 | RFI순위#3 | 경로타당성78%
S064,제약없음 (엄격제외),strict_exclusion,206-3-000004,분당도서관 부설주차장,37.3581,127.11658,분당구,정자3동,4,13.1531,36,0.7302,0,0.55042,RFI=0.311 | Ds=13.15 | 36셀 | RFI순위#4 | 경로타당성73%
S064,제약없음 (엄격제외),strict_exclusion,206-2-000006,정자전원마을,37.35922,127.12451,분당구,정자3동,5,10.0277,31,0.71936,0,0.535,RFI=0.196 | Ds=10.03 | 31셀 | RFI순위#5 | 경로타당성72%
S064,제약없음 (엄격제외),strict_exclusion,205-2-000028,해오름,37.44109,127.15909,중원구,금광1동,6,0.0,0,0.5,0,0.50109,RFI=0.000 | Ds=0.00 | 0셀 | RFI순위#6 | 경로타당성50%
