scenario_id,lot_id,lot_name,lat,lon,gu,dong,rank,cover_n,cover_ds,route_fi,delivery_zone,explanation
S001,206-2-000020,백현동카페거리공영주차장,37.38545,127.11199,분당구,백현동,1,60,21.2425,0.78124,부적합,수요커버 Ds=21.24 | 60셀 | 선정순위#1 | 경로타당성78%
S001,206-2-000009,금곡동,37.35086,127.10686,분당구,금곡동,2,57,17.2731,0.69945,드론우선,수요커버 Ds=17.27 | 57셀 | 선정순위#2 | 경로타당성70%
S001,205-3-000001,성남시청 부설주차장,37.42018,127.12628,중원구,도촌동,3,56,15.3927,0.8105,부적합,수요커버 Ds=15.39 | 56셀 | 선정순위#3 | 경로타당성81%
S001,206-2-000005,점골,37.37694,127.13998,분당구,서현2동,4,60,14.7226,0.6887,부적합,수요커버 Ds=14.72 | 60셀 | 선정순위#4 | 경로타당성69%
S001,206-2-000022,운중동공영주차장,37.39088,127.0779,분당구,운중동,5,60,14.1787,0.71941,부적합,수요커버 Ds=14.18 | 60셀 | 선정순위#5 | 경로타당성72%
S001,204-1-000004,수상9-10,37.43746,127.13988,중원구,성남동,6,60,14.0112,0.6573,부적합,수요커버 Ds=14.01 | 60셀 | 선정순위#6 | 경로타당성66%
S002,206-2-000009,금곡동,37.35086,127.10686,분당구,금곡동,1,57,17.2731,0.69945,드론우선,수요커버 Ds=17.27 | 57셀 | 선정순위#1 | 경로타당성70%
S002,206-2-000006,정자전원마을,37.35922,127.12451,분당구,정자3동,2,28,7.2317,0.71791,드론우선,수요커버 Ds=7.23 | 28셀 | 선정순위#2 | 경로타당성72%
S002,206-2-000008,오리환승,37.33971,127.10941,분당구,구미동,3,16,3.776,0.74493,드론우선,수요커버 Ds=3.78 | 16셀 | 선정순위#3 | 경로타당성74%
S002,206-2-000007,정자역환승,37.36575,127.10733,분당구,정자1동,4,3,0.9493,0.83482,부적합,수요커버 Ds=0.95 | 3셀 | 선정순위#4 | 경로타당성83%
S002,206-2-000021,수내제2공영,37.36665,127.12851,분당구,수내3동,5,1,0.2582,0.74003,부적합,수요커버 Ds=0.26 | 1셀 | 선정순위#5 | 경로타당성74%
S002,206-2-000010,수내동,37.3668,127.12796,분당구,수내3동,6,0,0.0,0.5,부적합,수요커버 Ds=0.00 | 0셀 | 선정순위#6 | 경로타당성50%
S003,206-2-000020,백현동카페거리공영주차장,37.38545,127.11199,분당구,백현동,1,60,21.6034,0.78124,부적합,수요커버 Ds=21.60 | 60셀 | 선정순위#1 | 경로타당성78%
S003,206-2-000009,금곡동,37.35086,127.10686,분당구,금곡동,2,57,17.5211,0.69945,드론우선,수요커버 Ds=17.52 | 57셀 | 선정순위#2 | 경로타당성70%
S003,205-3-000001,성남시청 부설주차장,37.42018,127.12628,중원구,도촌동,3,56,15.6656,0.8105,부적합,수요커버 Ds=15.67 | 56셀 | 선정순위#3 | 경로타당성81%
S003,206-2-000005,점골,37.37694,127.13998,분당구,서현2동,4,60,15.0025,0.6887,부적합,수요커버 Ds=15.00 | 60셀 | 선정순위#4 | 경로타당성69%
S003,206-2-000022,운중동공영주차장,37.39088,127.0779,분당구,운중동,5,60,14.4466,0.71941,부적합,수요커버 Ds=14.45 | 60셀 | 선정순위#5 | 경로타당성72%
S003,204-1-000004,수상9-10,37.43746,127.13988,중원구,성남동,6,60,14.3005,0.6573,부적합,수요커버 Ds=14.30 | 60셀 | 선정순위#6 | 경로타당성66%
S004,206-2-000009,금곡동,37.35086,127.10686,분당구,금곡동,1,57,17.5211,0.69945,드론우선,수요커버 Ds=17.52 | 57셀 | 선정순위#1 | 경로타당성70%
S004,206-2-000006,정자전원마을,37.35922,127.12451,분당구,정자3동,2,28,7.332,0.71791,드론우선,수요커버 Ds=7.33 | 28셀 | 선정순위#2 | 경로타당성72%
S004,206-2-000008,오리환승,37.33971,127.10941,분당구,구미동,3,16,3.8352,0.74493,드론우선,수요커버 Ds=3.84 | 16셀 | 선정순위#3 | 경로타당성74%
S004,206-2-000007,정자역환승,37.36575,127.10733,분당구,정자1동,4,3,0.9623,0.83482,부적합,수요커버 Ds=0.96 | 3셀 | 선정순위#4 | 경로타당성83%
S004,206-2-000021,수내제2공영,37.36665,127.12851,분당구,수내3동,5,1,0.2617,0.74003,부적합,수요커버 Ds=0.26 | 1셀 | 선정순위#5 | 경로타당성74%
S004,206-2-000010,수내동,37.3668,127.12796,분당구,수내3동,6,0,0.0,0.5,부적합,수요커버 Ds=0.00 | 0셀 | 선정순위#6 | 경로타당성50%
S005,206-2-000020,백현동카페거리공영주차장,37.38545,127.11199,분당구,백현동,1,60,23.3154,0.78124,부적합,수요커버 Ds=23.32 | 60셀 | 선정순위#1 | 경로타당성78%
S005,206-2-000009,금곡동,37.35086,127.10686,분당구,금곡동,2,57,19.7821,0.69945,드론우선,수요커버 Ds=19.78 | 57셀 | 선정순위#2 | 경로타당성70%
S005,205-1-000051,중상68-69,37.42869,127.13431,중원구,성남동,3,61,17.9016,0.71694,부적합,수요커버 Ds=17.90 | 61셀 | 선정순위#3 | 경로타당성72%
S005,206-2-000005,점골,37.37694,127.13998,분당구,서현2동,4,60,17.848,0.6887,부적합,수요커버 Ds=17.85 | 60셀 | 선정순위#4 | 경로타당성69%
S005,206-2-000022,운중동공영주차장,37.39088,127.0779,분당구,운중동,5,60,17.3687,0.71941,부적합,수요커버 Ds=17.37 | 60셀 | 선정순위#5 | 경로타당성72%
S005,204-2-000018,태평4동 제1,37.44711,127.14399,수정구,신흥2동,6,59,16.0477,0.60488,부적합,수요커버 Ds=16.05 | 59셀 | 선정순위#6 | 경로타당성60%
S006,206-2-000009,금곡동,37.35086,127.10686,분당구,금곡동,1,57,19.7821,0.69945,드론우선,수요커버 Ds=19.78 | 57셀 | 선정순위#1 | 경로타당성70%
S006,206-2-000006,정자전원마을,37.35922,127.12451,분당구,정자3동,2,28,8.3076,0.71791,드론우선,수요커버 Ds=8.31 | 28셀 | 선정순위#2 | 경로타당성72%
S006,206-2-000008,오리환승,37.33971,127.10941,분당구,구미동,3,16,4.5031,0.74493,드론우선,수요커버 Ds=4.50 | 16셀 | 선정순위#3 | 경로타당성74%
S006,206-2-000007,정자역환승,37.36575,127.10733,분당구,정자1동,4,3,1.1008,0.83482,부적합,수요커버 Ds=1.10 | 3셀 | 선정순위#4 | 경로타당성83%
S006,206-2-000021,수내제2공영,37.36665,127.12851,분당구,수내3동,5,1,0.2999,0.74003,부적합,수요커버 Ds=0.30 | 1셀 | 선정순위#5 | 경로타당성74%
S006,206-2-000010,수내동,37.3668,127.12796,분당구,수내3동,6,0,0.0,0.5,부적합,수요커버 Ds=0.00 | 0셀 | 선정순위#6 | 경로타당성50%
S007,206-2-000020,백현동카페거리공영주차장,37.38545,127.11199,분당구,백현동,1,60,23.6764,0.78124,부적합,수요커버 Ds=23.68 | 60셀 | 선정순위#1 | 경로타당성78%
S007,206-2-000009,금곡동,37.35086,127.10686,분당구,금곡동,2,57,20.0309,0.69945,드론우선,수요커버 Ds=20.03 | 57셀 | 선정순위#2 | 경로타당성70%
S007,205-1-000051,중상68-69,37.42869,127.13431,중원구,성남동,3,61,18.1746,0.71694,부적합,수요커버 Ds=18.17 | 61셀 | 선정순위#3 | 경로타당성72%
S007,206-2-000005,점골,37.37694,127.13998,분당구,서현2동,4,60,18.1276,0.6887,부적합,수요커버 Ds=18.13 | 60셀 | 선정순위#4 | 경로타당성69%
S007,206-2-000022,운중동공영주차장,37.39088,127.0779,분당구,운중동,5,60,17.6361,0.71941,부적합,수요커버 Ds=17.64 | 60셀 | 선정순위#5 | 경로타당성72%
S007,204-2-000018,태평4동 제1,37.44711,127.14399,수정구,신흥2동,6,59,16.3172,0.60488,부적합,수요커버 Ds=16.32 | 59셀 | 선정순위#6 | 경로타당성60%
S008,206-2-000009,금곡동,37.35086,127.10686,분당구,금곡동,1,57,20.0309,0.69945,드론우선,수요커버 Ds=20.03 | 57셀 | 선정순위#1 | 경로타당성70%
S008,206-2-000006,정자전원마을,37.35922,127.12451,분당구,정자3동,2,28,8.4078,0.71791,드론우선,수요커버 Ds=8.41 | 28셀 | 선정순위#2 | 경로타당성72%
S008,206-2-000008,오리환승,37.33971,127.10941,분당구,구미동,3,16,4.5623,0.74493,드론우선,수요커버 Ds=4.56 | 16셀 | 선정순위#3 | 경로타당성74%
S008,206-2-000007,정자역환승,37.36575,127.10733,분당구,정자1동,4,3,1.1139,0.83482,부적합,수요커버 Ds=1.11 | 3셀 | 선정순위#4 | 경로타당성83%
S008,206-2-000021,수내제2공영,37.36665,127.12851,분당구,수내3동,5,1,0.3034,0.74003,부적합,수요커버 Ds=0.30 | 1셀 | 선정순위#5 | 경로타당성74%
S008,206-2-000010,수내동,37.3668,127.12796,분당구,수내3동,6,0,0.0,0.5,부적합,수요커버 Ds=0.00 | 0셀 | 선정순위#6 | 경로타당성50%
S009,206-2-000020,백현동카페거리공영주차장,37.38545,127.11199,분당구,백현동,1,60,21.8958,0.78124,부적합,수요커버 Ds=21.90 | 60셀 | 선정순위#1 | 경로타당성78%
S009,206-2-000009,금곡동,37.35086,127.10686,분당구,금곡동,2,57,17.7553,0.69945,드론우선,수요커버 Ds=17.76 | 57셀 | 선정순위#2 | 경로타당성70%
S009,204-2-000028,수진 제2,37.43535,127.13409,중원구,성남동,3,61,17.2973,0.68985,부적합,수요커버 Ds=17.30 | 61셀 | 선정순위#3 | 경로타당성69%
S009,206-2-000002,야탑 제1환승,37.41207,127.12917,분당구,야탑1동,4,57,15.5251,0.68321,부적합,수요커버 Ds=15.53 | 57셀 | 선정순위#4 | 경로타당성68%
S009,206-2-000005,점골,37.37694,127.13998,분당구,서현2동,5,60,15.4149,0.6887,부적합,수요커버 Ds=15.41 | 60셀 | 선정순위#5 | 경로타당성69%
S009,206-2-000022,운중동공영주차장,37.39088,127.0779,분당구,운중동,6,60,15.0702,0.71941,부적합,수요커버 Ds=15.07 | 60셀 | 선정순위#6 | 경로타당성72%
S010,206-2-000009,금곡동,37.35086,127.10686,분당구,금곡동,1,57,17.7553,0.69945,드론우선,수요커버 Ds=17.76 | 57셀 | 선정순위#1 | 경로타당성70%
S010,206-2-000006,정자전원마을,37.35922,127.12451,분당구,정자3동,2,28,7.5035,0.71791,드론우선,수요커버 Ds=7.50 | 28셀 | 선정순위#2 | 경로타당성72%
S010,206-2-000008,오리환승,37.33971,127.10941,분당구,구미동,3,16,3.8577,0.74493,드론우선,수요커버 Ds=3.86 | 16셀 | 선정순위#3 | 경로타당성74%
S010,206-2-000007,정자역환승,37.36575,127.10733,분당구,정자1동,4,3,0.9875,0.83482,부적합,수요커버 Ds=0.99 | 3셀 | 선정순위#4 | 경로타당성83%
S010,206-2-000021,수내제2공영,37.36665,127.12851,분당구,수내3동,5,1,0.2658,0.74003,부적합,수요커버 Ds=0.27 | 1셀 | 선정순위#5 | 경로타당성74%
S010,206-2-000010,수내동,37.3668,127.12796,분당구,수내3동,6,0,0.0,0.5,부적합,수요커버 Ds=0.00 | 0셀 | 선정순위#6 | 경로타당성50%
S011,206-2-000020,백현동카페거리공영주차장,37.38545,127.11199,분당구,백현동,1,60,22.257,0.78124,부적합,수요커버 Ds=22.26 | 60셀 | 선정순위#1 | 경로타당성78%
S011,206-2-000009,금곡동,37.35086,127.10686,분당구,금곡동,2,57,18.0036,0.69945,드론우선,수요커버 Ds=18.00 | 57셀 | 선정순위#2 | 경로타당성70%
S011,204-2-000028,수진 제2,37.43535,127.13409,중원구,성남동,3,61,17.5836,0.68985,부적합,수요커버 Ds=17.58 | 61셀 | 선정순위#3 | 경로타당성69%
S011,206-2-000002,야탑 제1환승,37.41207,127.12917,분당구,야탑1동,4,57,15.8093,0.68321,부적합,수요커버 Ds=15.81 | 57셀 | 선정순위#4 | 경로타당성68%
S011,206-2-000005,점골,37.37694,127.13998,분당구,서현2동,5,60,15.695,0.6887,부적합,수요커버 Ds=15.70 | 60셀 | 선정순위#5 | 경로타당성69%
S011,206-2-000022,운중동공영주차장,37.39088,127.0779,분당구,운중동,6,60,15.3387,0.71941,부적합,수요커버 Ds=15.34 | 60셀 | 선정순위#6 | 경로타당성72%
S012,206-2-000009,금곡동,37.35086,127.10686,분당구,금곡동,1,57,18.0036,0.69945,드론우선,수요커버 Ds=18.00 | 57셀 | 선정순위#1 | 경로타당성70%
S012,206-2-000006,정자전원마을,37.35922,127.12451,분당구,정자3동,2,28,7.604,0.71791,드론우선,수요커버 Ds=7.60 | 28셀 | 선정순위#2 | 경로타당성72%
S012,206-2-000008,오리환승,37.33971,127.10941,분당구,구미동,3,16,3.9168,0.74493,드론우선,수요커버 Ds=3.92 | 16셀 | 선정순위#3 | 경로타당성74%
S012,206-2-000007,정자역환승,37.36575,127.10733,분당구,정자1동,4,3,1.0004,0.83482,부적합,수요커버 Ds=1.00 | 3셀 | 선정순위#4 | 경로타당성83%
S012,206-2-000021,수내제2공영,37.36665,127.12851,분당구,수내3동,5,1,0.2693,0.74003,부적합,수요커버 Ds=0.27 | 1셀 | 선정순위#5 | 경로타당성74%
S012,206-2-000010,수내동,37.3668,127.12796,분당구,수내3동,6,0,0.0,0.5,부적합,수요커버 Ds=0.00 | 0셀 | 선정순위#6 | 경로타당성50%
S013,206-2-000020,백현동카페거리공영주차장,37.38545,127.11199,분당구,백현동,1,60,23.9691,0.78124,부적합,수요커버 Ds=23.97 | 60셀 | 선정순위#1 | 경로타당성78%
S013,204-2-000034,신흥제9공영주차장,37.44339,127.14236,수정구,신흥1동,2,59,20.7053,0.62646,부적합,수요커버 Ds=20.71 | 59셀 | 선정순위#2 | 경로타당성63%
S013,206-2-000009,금곡동,37.35086,127.10686,분당구,금곡동,3,57,20.2643,0.69945,드론우선,수요커버 Ds=20.26 | 57셀 | 선정순위#3 | 경로타당성70%
S013,206-2-000005,점골,37.37694,127.13998,분당구,서현2동,4,60,18.5403,0.6887,부적합,수요커버 Ds=18.54 | 60셀 | 선정순위#4 | 경로타당성69%
S013,205-3-000001,성남시청 부설주차장,37.42018,127.12628,중원구,도촌동,5,56,18.3313,0.8105,부적합,수요커버 Ds=18.33 | 56셀 | 선정순위#5 | 경로타당성81%
S013,206-2-000022,운중동공영주차장,37.39088,127.0779,분당구,운중동,6,60,18.2597,0.71941,부적합,수요커버 Ds=18.26 | 60셀 | 선정순위#6 | 경로타당성72%
S014,206-2-000009,금곡동,37.35086,127.10686,분당구,금곡동,1,57,20.2643,0.69945,드론우선,수요커버 Ds=20.26 | 57셀 | 선정순위#1 | 경로타당성70%
S014,206-2-000006,정자전원마을,37.35922,127.12451,분당구,정자3동,2,28,8.5787,0.71791,드론우선,수요커버 Ds=8.58 | 28셀 | 선정순위#2 | 경로타당성72%
S014,206-2-000008,오리환승,37.33971,127.10941,분당구,구미동,3,16,4.5844,0.74493,드론우선,수요커버 Ds=4.58 | 16셀 | 선정순위#3 | 경로타당성74%
S014,206-2-000007,정자역환승,37.36575,127.10733,분당구,정자1동,4,3,1.1391,0.83482,부적합,수요커버 Ds=1.14 | 3셀 | 선정순위#4 | 경로타당성83%
S014,206-2-000021,수내제2공영,37.36665,127.12851,분당구,수내3동,5,1,0.3074,0.74003,부적합,수요커버 Ds=0.31 | 1셀 | 선정순위#5 | 경로타당성74%
S014,206-2-000010,수내동,37.3668,127.12796,분당구,수내3동,6,0,0.0,0.5,부적합,수요커버 Ds=0.00 | 0셀 | 선정순위#6 | 경로타당성50%
S015,206-2-000020,백현동카페거리공영주차장,37.38545,127.11199,분당구,백현동,1,60,24.3304,0.78124,부적합,수요커버 Ds=24.33 | 60셀 | 선정순위#1 | 경로타당성78%
S015,204-2-000034,신흥제9공영주차장,37.44339,127.14236,수정구,신흥1동,2,59,20.9968,0.62646,부적합,수요커버 Ds=21.00 | 59셀 | 선정순위#2 | 경로타당성63%
S015,206-2-000009,금곡동,37.35086,127.10686,분당구,금곡동,3,57,20.5121,0.69945,드론우선,수요커버 Ds=20.51 | 57셀 | 선정순위#3 | 경로타당성70%
S015,206-2-000005,점골,37.37694,127.13998,분당구,서현2동,4,60,18.8207,0.6887,부적합,수요커버 Ds=18.82 | 60셀 | 선정순위#4 | 경로타당성69%
S015,205-3-000001,성남시청 부설주차장,37.42018,127.12628,중원구,도촌동,5,56,18.6045,0.8105,부적합,수요커버 Ds=18.60 | 56셀 | 선정순위#5 | 경로타당성81%
S015,206-2-000022,운중동공영주차장,37.39088,127.0779,분당구,운중동,6,60,18.5287,0.71941,부적합,수요커버 Ds=18.53 | 60셀 | 선정순위#6 | 경로타당성72%
S016,206-2-000009,금곡동,37.35086,127.10686,분당구,금곡동,1,57,20.5121,0.69945,드론우선,수요커버 Ds=20.51 | 57셀 | 선정순위#1 | 경로타당성70%
S016,206-2-000006,정자전원마을,37.35922,127.12451,분당구,정자3동,2,28,8.6791,0.71791,드론우선,수요커버 Ds=8.68 | 28셀 | 선정순위#2 | 경로타당성72%
S016,206-2-000008,오리환승,37.33971,127.10941,분당구,구미동,3,16,4.6436,0.74493,드론우선,수요커버 Ds=4.64 | 16셀 | 선정순위#3 | 경로타당성74%
S016,206-2-000007,정자역환승,37.36575,127.10733,분당구,정자1동,4,3,1.152,0.83482,부적합,수요커버 Ds=1.15 | 3셀 | 선정순위#4 | 경로타당성83%
S016,206-2-000021,수내제2공영,37.36665,127.12851,분당구,수내3동,5,1,0.3109,0.74003,부적합,수요커버 Ds=0.31 | 1셀 | 선정순위#5 | 경로타당성74%
S016,206-2-000010,수내동,37.3668,127.12796,분당구,수내3동,6,0,0.0,0.5,부적합,수요커버 Ds=0.00 | 0셀 | 선정순위#6 | 경로타당성50%
S017,206-2-000020,백현동카페거리공영주차장,37.38545,127.11199,분당구,백현동,1,60,23.7052,0.78124,부적합,수요커버 Ds=23.71 | 60셀 | 선정순위#1 | 경로타당성78%
S017,206-2-000009,금곡동,37.35086,127.10686,분당구,금곡동,2,57,18.9573,0.69945,드론우선,수요커버 Ds=18.96 | 57셀 | 선정순위#2 | 경로타당성70%
S017,206-2-000003,야탑 제2환승,37.41176,127.12816,분당구,야탑1동,3,58,17.9107,0.69246,부적합,수요커버 Ds=17.91 | 58셀 | 선정순위#3 | 경로타당성69%
S017,206-2-000005,점골,37.37694,127.13998,분당구,서현2동,4,60,16.6622,0.6887,부적합,수요커버 Ds=16.66 | 60셀 | 선정순위#4 | 경로타당성69%
S017,206-2-000022,운중동공영주차장,37.39088,127.0779,분당구,운중동,5,60,15.531,0.71941,부적합,수요커버 Ds=15.53 | 60셀 | 선정순위#5 | 경로타당성72%
S017,204-2-000028,수진 제2,37.43535,127.13409,중원구,성남동,6,61,15.2303,0.68985,부적합,수요커버 Ds=15.23 | 61셀 | 선정순위#6 | 경로타당성69%
S018,206-2-000009,금곡동,37.35086,127.10686,분당구,금곡동,1,57,18.9573,0.69945,드론우선,수요커버 Ds=18.96 | 57셀 | 선정순위#1 | 경로타당성70%
S018,206-2-000006,정자전원마을,37.35922,127.12451,분당구,정자3동,2,28,7.4807,0.71791,드론우선,수요커버 Ds=7.48 | 28셀 | 선정순위#2 | 경로타당성72%
S018,206-2-000008,오리환승,37.33971,127.10941,분당구,구미동,3,16,4.4182,0.74493,드론우선,수요커버 Ds=4.42 | 16셀 | 선정순위#3 | 경로타당성74%
S018,206-2-000007,정자역환승,37.36575,127.10733,분당구,정자1동,4,3,0.9566,0.83482,부적합,수요커버 Ds=0.96 | 3셀 | 선정순위#4 | 경로타당성83%
S018,206-2-000021,수내제2공영,37.36665,127.12851,분당구,수내3동,5,1,0.2602,0.74003,부적합,수요커버 Ds=0.26 | 1셀 | 선정순위#5 | 경로타당성74%
S018,206-2-000010,수내동,37.3668,127.12796,분당구,수내3동,6,0,0.0,0.5,부적합,수요커버 Ds=0.00 | 0셀 | 선정순위#6 | 경로타당성50%
S019,206-2-000020,백현동카페거리공영주차장,37.38545,127.11199,분당구,백현동,1,60,24.0662,0.78124,부적합,수요커버 Ds=24.07 | 60셀 | 선정순위#1 | 경로타당성78%
S019,206-2-000007,정자역환승,37.36575,127.10733,분당구,정자1동,2,57,19.2328,0.78484,부적합,수요커버 Ds=19.23 | 57셀 | 선정순위#2 | 경로타당성78%
S019,206-2-000003,야탑 제2환승,37.41176,127.12816,분당구,야탑1동,3,58,18.1955,0.69246,부적합,수요커버 Ds=18.20 | 58셀 | 선정순위#3 | 경로타당성69%
S019,206-2-000005,점골,37.37694,127.13998,분당구,서현2동,4,60,16.9425,0.6887,부적합,수요커버 Ds=16.94 | 60셀 | 선정순위#4 | 경로타당성69%
S019,206-2-000022,운중동공영주차장,37.39088,127.0779,분당구,운중동,5,60,15.7991,0.71941,부적합,수요커버 Ds=15.80 | 60셀 | 선정순위#5 | 경로타당성72%
S019,204-2-000028,수진 제2,37.43535,127.13409,중원구,성남동,6,61,15.517,0.68985,부적합,수요커버 Ds=15.52 | 61셀 | 선정순위#6 | 경로타당성69%
S020,206-2-000009,금곡동,37.35086,127.10686,분당구,금곡동,1,57,19.2055,0.69945,드론우선,수요커버 Ds=19.21 | 57셀 | 선정순위#1 | 경로타당성70%
S020,206-2-000006,정자전원마을,37.35922,127.12451,분당구,정자3동,2,28,7.5808,0.71791,드론우선,수요커버 Ds=7.58 | 28셀 | 선정순위#2 | 경로타당성72%
S020,206-2-000008,오리환승,37.33971,127.10941,분당구,구미동,3,16,4.4774,0.74493,드론우선,수요커버 Ds=4.48 | 16셀 | 선정순위#3 | 경로타당성74%
S020,206-2-000007,정자역환승,37.36575,127.10733,분당구,정자1동,4,3,0.9695,0.83482,부적합,수요커버 Ds=0.97 | 3셀 | 선정순위#4 | 경로타당성83%
S020,206-2-000021,수내제2공영,37.36665,127.12851,분당구,수내3동,5,1,0.2637,0.74003,부적합,수요커버 Ds=0.26 | 1셀 | 선정순위#5 | 경로타당성74%
S020,206-2-000010,수내동,37.3668,127.12796,분당구,수내3동,6,0,0.0,0.5,부적합,수요커버 Ds=0.00 | 0셀 | 선정순위#6 | 경로타당성50%
S021,206-2-000020,백현동카페거리공영주차장,37.38545,127.11199,분당구,백현동,1,60,25.779,0.78124,부적합,수요커버 Ds=25.78 | 60셀 | 선정순위#1 | 경로타당성78%
S021,206-2-000009,금곡동,37.35086,127.10686,분당구,금곡동,2,57,21.4665,0.69945,드론우선,수요커버 Ds=21.47 | 57셀 | 선정순위#2 | 경로타당성70%
S021,206-2-000004,맛고을,37.41166,127.13178,분당구,야탑1동,3,60,20.2935,0.65956,부적합,수요커버 Ds=20.29 | 60셀 | 선정순위#3 | 경로타당성66%
S021,206-2-000005,점골,37.37694,127.13998,분당구,서현2동,4,60,19.7879,0.6887,부적합,수요커버 Ds=19.79 | 60셀 | 선정순위#4 | 경로타당성69%
S021,206-2-000022,운중동공영주차장,37.39088,127.0779,분당구,운중동,5,60,18.7206,0.71941,부적합,수요커버 Ds=18.72 | 60셀 | 선정순위#5 | 경로타당성72%
S021,204-2-000028,수진 제2,37.43535,127.13409,중원구,성남동,6,61,18.3185,0.68985,부적합,수요커버 Ds=18.32 | 61셀 | 선정순위#6 | 경로타당성69%
S022,206-2-000009,금곡동,37.35086,127.10686,분당구,금곡동,1,57,21.4665,0.69945,드론우선,수요커버 Ds=21.47 | 57셀 | 선정순위#1 | 경로타당성70%
S022,206-2-000006,정자전원마을,37.35922,127.12451,분당구,정자3동,2,28,8.5564,0.71791,드론우선,수요커버 Ds=8.56 | 28셀 | 선정순위#2 | 경로타당성72%
S022,206-2-000008,오리환승,37.33971,127.10941,분당구,구미동,3,16,5.1453,0.74493,드론우선,수요커버 Ds=5.15 | 16셀 | 선정순위#3 | 경로타당성74%
S022,206-2-000007,정자역환승,37.36575,127.10733,분당구,정자1동,4,3,1.1081,0.83482,부적합,수요커버 Ds=1.11 | 3셀 | 선정순위#4 | 경로타당성83%
S022,206-2-000021,수내제2공영,37.36665,127.12851,분당구,수내3동,5,1,0.3019,0.74003,부적합,수요커버 Ds=0.30 | 1셀 | 선정순위#5 | 경로타당성74%
S022,206-2-000010,수내동,37.3668,127.12796,분당구,수내3동,6,0,0.0,0.5,부적합,수요커버 Ds=0.00 | 0셀 | 선정순위#6 | 경로타당성50%
S023,206-2-000020,백현동카페거리공영주차장,37.38545,127.11199,분당구,백현동,1,60,26.1396,0.78124,부적합,수요커버 Ds=26.14 | 60셀 | 선정순위#1 | 경로타당성78%
S023,206-2-000009,금곡동,37.35086,127.10686,분당구,금곡동,2,57,21.7147,0.69945,드론우선,수요커버 Ds=21.71 | 57셀 | 선정순위#2 | 경로타당성70%
S023,206-2-000004,맛고을,37.41166,127.13178,분당구,야탑1동,3,60,20.5793,0.65956,부적합,수요커버 Ds=20.58 | 60셀 | 선정순위#3 | 경로타당성66%
S023,206-2-000005,점골,37.37694,127.13998,분당구,서현2동,4,60,20.0672,0.6887,부적합,수요커버 Ds=20.07 | 60셀 | 선정순위#4 | 경로타당성69%
S023,206-2-000022,운중동공영주차장,37.39088,127.0779,분당구,운중동,5,60,18.9882,0.71941,부적합,수요커버 Ds=18.99 | 60셀 | 선정순위#5 | 경로타당성72%
S023,204-2-000028,수진 제2,37.43535,127.13409,중원구,성남동,6,61,18.6043,0.68985,부적합,수요커버 Ds=18.60 | 61셀 | 선정순위#6 | 경로타당성69%
S024,206-2-000009,금곡동,37.35086,127.10686,분당구,금곡동,1,57,21.7147,0.69945,드론우선,수요커버 Ds=21.71 | 57셀 | 선정순위#1 | 경로타당성70%
S024,206-2-000006,정자전원마을,37.35922,127.12451,분당구,정자3동,2,28,8.656,0.71791,드론우선,수요커버 Ds=8.66 | 28셀 | 선정순위#2 | 경로타당성72%
S024,206-2-000008,오리환승,37.33971,127.10941,분당구,구미동,3,16,5.2043,0.74493,드론우선,수요커버 Ds=5.20 | 16셀 | 선정순위#3 | 경로타당성74%
S024,206-2-000007,정자역환승,37.36575,127.10733,분당구,정자1동,4,3,1.1211,0.83482,부적합,수요커버 Ds=1.12 | 3셀 | 선정순위#4 | 경로타당성83%
S024,206-2-000021,수내제2공영,37.36665,127.12851,분당구,수내3동,5,1,0.3054,0.74003,부적합,수요커버 Ds=0.31 | 1셀 | 선정순위#5 | 경로타당성74%
S024,206-2-000010,수내동,37.3668,127.12796,분당구,수내3동,6,0,0.0,0.5,부적합,수요커버 Ds=0.00 | 0셀 | 선정순위#6 | 경로타당성50%
S025,206-2-000020,백현동카페거리공영주차장,37.38545,127.11199,분당구,백현동,1,60,24.3588,0.78124,부적합,수요커버 Ds=24.36 | 60셀 | 선정순위#1 | 경로타당성78%
S025,206-2-000007,정자역환승,37.36575,127.10733,분당구,정자1동,2,57,19.5201,0.78484,부적합,수요커버 Ds=19.52 | 57셀 | 선정순위#2 | 경로타당성78%
S025,206-2-000003,야탑 제2환승,37.41176,127.12816,분당구,야탑1동,3,58,18.5754,0.69246,부적합,수요커버 Ds=18.58 | 58셀 | 선정순위#3 | 경로타당성69%
S025,204-2-000034,신흥제9공영주차장,37.44339,127.14236,수정구,신흥1동,4,59,17.9531,0.62646,부적합,수요커버 Ds=17.95 | 59셀 | 선정순위#4 | 경로타당성63%
S025,206-2-000005,점골,37.37694,127.13998,분당구,서현2동,5,60,17.3549,0.6887,부적합,수요커버 Ds=17.35 | 60셀 | 선정순위#5 | 경로타당성69%
S025,206-2-000022,운중동공영주차장,37.39088,127.0779,분당구,운중동,6,60,16.4224,0.71941,부적합,수요커버 Ds=16.42 | 60셀 | 선정순위#6 | 경로타당성72%
S026,206-2-000009,금곡동,37.35086,127.10686,분당구,금곡동,1,57,19.4398,0.69945,드론우선,수요커버 Ds=19.44 | 57셀 | 선정순위#1 | 경로타당성70%
S026,206-2-000006,정자전원마을,37.35922,127.12451,분당구,정자3동,2,28,7.7519,0.71791,드론우선,수요커버 Ds=7.75 | 28셀 | 선정순위#2 | 경로타당성72%
S026,206-2-000008,오리환승,37.33971,127.10941,분당구,구미동,3,16,4.4998,0.74493,드론우선,수요커버 Ds=4.50 | 16셀 | 선정순위#3 | 경로타당성74%
S026,206-2-000007,정자역환승,37.36575,127.10733,분당구,정자1동,4,3,0.9947,0.83482,부적합,수요커버 Ds=0.99 | 3셀 | 선정순위#4 | 경로타당성83%
S026,206-2-000021,수내제2공영,37.36665,127.12851,분당구,수내3동,5,1,0.2677,0.74003,부적합,수요커버 Ds=0.27 | 1셀 | 선정순위#5 | 경로타당성74%
S026,206-2-000010,수내동,37.3668,127.12796,분당구,수내3동,6,0,0.0,0.5,부적합,수요커버 Ds=0.00 | 0셀 | 선정순위#6 | 경로타당성50%
S027,206-2-000020,백현동카페거리공영주차장,37.38545,127.11199,분당구,백현동,1,60,24.7201,0.78124,부적합,수요커버 Ds=24.72 | 60셀 | 선정순위#1 | 경로타당성78%
S027,206-2-000007,정자역환승,37.36575,127.10733,분당구,정자1동,2,57,19.8032,0.78484,부적합,수요커버 Ds=19.80 | 57셀 | 선정순위#2 | 경로타당성78%
S027,206-2-000003,야탑 제2환승,37.41176,127.12816,분당구,야탑1동,3,58,18.86,0.69246,부적합,수요커버 Ds=18.86 | 58셀 | 선정순위#3 | 경로타당성69%
S027,204-2-000034,신흥제9공영주차장,37.44339,127.14236,수정구,신흥1동,4,59,18.2457,0.62646,부적합,수요커버 Ds=18.25 | 59셀 | 선정순위#4 | 경로타당성63%
S027,206-2-000005,점골,37.37694,127.13998,분당구,서현2동,5,60,17.6343,0.6887,부적합,수요커버 Ds=17.63 | 60셀 | 선정순위#5 | 경로타당성69%
S027,206-2-000022,운중동공영주차장,37.39088,127.0779,분당구,운중동,6,60,16.6903,0.71941,부적합,수요커버 Ds=16.69 | 60셀 | 선정순위#6 | 경로타당성72%
S028,206-2-000009,금곡동,37.35086,127.10686,분당구,금곡동,1,57,19.6877,0.69945,드론우선,수요커버 Ds=19.69 | 57셀 | 선정순위#1 | 경로타당성70%
S028,206-2-000006,정자전원마을,37.35922,127.12451,분당구,정자3동,2,28,7.8523,0.71791,드론우선,수요커버 Ds=7.85 | 28셀 | 선정순위#2 | 경로타당성72%
S028,206-2-000008,오리환승,37.33971,127.10941,분당구,구미동,3,16,4.559,0.74493,드론우선,수요커버 Ds=4.56 | 16셀 | 선정순위#3 | 경로타당성74%
S028,206-2-000007,정자역환승,37.36575,127.10733,분당구,정자1동,4,3,1.0077,0.83482,부적합,수요커버 Ds=1.01 | 3셀 | 선정순위#4 | 경로타당성83%
S028,206-2-000021,수내제2공영,37.36665,127.12851,분당구,수내3동,5,1,0.2712,0.74003,부적합,수요커버 Ds=0.27 | 1셀 | 선정순위#5 | 경로타당성74%
S028,206-2-000010,수내동,37.3668,127.12796,분당구,수내3동,6,0,0.0,0.5,부적합,수요커버 Ds=0.00 | 0셀 | 선정순위#6 | 경로타당성50%
S029,206-2-000020,백현동카페거리공영주차장,37.38545,127.11199,분당구,백현동,1,60,26.4338,0.78124,부적합,수요커버 Ds=26.43 | 60셀 | 선정순위#1 | 경로타당성78%
S029,206-2-000009,금곡동,37.35086,127.10686,분당구,금곡동,2,57,21.9485,0.69945,드론우선,수요커버 Ds=21.95 | 57셀 | 선정순위#2 | 경로타당성70%
S029,204-2-000034,신흥제9공영주차장,37.44339,127.14236,수정구,신흥1동,3,59,21.3739,0.62646,부적합,수요커버 Ds=21.37 | 59셀 | 선정순위#3 | 경로타당성63%
S029,206-2-000004,맛고을,37.41166,127.13178,분당구,야탑1동,4,60,20.9802,0.65956,부적합,수요커버 Ds=20.98 | 60셀 | 선정순위#4 | 경로타당성66%
S029,206-2-000005,점골,37.37694,127.13998,분당구,서현2동,5,60,20.4795,0.6887,부적합,수요커버 Ds=20.48 | 60셀 | 선정순위#5 | 경로타당성69%
S029,206-2-000022,운중동공영주차장,37.39088,127.0779,분당구,운중동,6,60,19.6134,0.71941,부적합,수요커버 Ds=19.61 | 60셀 | 선정순위#6 | 경로타당성72%
S030,206-2-000009,금곡동,37.35086,127.10686,분당구,금곡동,1,57,21.9485,0.69945,드론우선,수요커버 Ds=21.95 | 57셀 | 선정순위#1 | 경로타당성70%
S030,206-2-000006,정자전원마을,37.35922,127.12451,분당구,정자3동,2,28,8.8285,0.71791,드론우선,수요커버 Ds=8.83 | 28셀 | 선정순위#2 | 경로타당성72%
S030,206-2-000008,오리환승,37.33971,127.10941,분당구,구미동,3,16,5.2272,0.74493,드론우선,수요커버 Ds=5.23 | 16셀 | 선정순위#3 | 경로타당성74%
S030,206-2-000007,정자역환승,37.36575,127.10733,분당구,정자1동,4,3,1.1463,0.83482,부적합,수요커버 Ds=1.15 | 3셀 | 선정순위#4 | 경로타당성83%
S030,206-2-000021,수내제2공영,37.36665,127.12851,분당구,수내3동,5,1,0.3094,0.74003,부적합,수요커버 Ds=0.31 | 1셀 | 선정순위#5 | 경로타당성74%
S030,206-2-000010,수내동,37.3668,127.12796,분당구,수내3동,6,0,0.0,0.5,부적합,수요커버 Ds=0.00 | 0셀 | 선정순위#6 | 경로타당성50%
S031,206-2-000020,백현동카페거리공영주차장,37.38545,127.11199,분당구,백현동,1,60,26.7947,0.78124,부적합,수요커버 Ds=26.79 | 60셀 | 선정순위#1 | 경로타당성78%
S031,206-2-000009,금곡동,37.35086,127.10686,분당구,금곡동,2,57,22.1967,0.69945,드론우선,수요커버 Ds=22.20 | 57셀 | 선정순위#2 | 경로타당성70%
S031,204-2-000034,신흥제9공영주차장,37.44339,127.14236,수정구,신흥1동,3,59,21.6641,0.62646,부적합,수요커버 Ds=21.66 | 59셀 | 선정순위#3 | 경로타당성63%
S031,206-2-000004,맛고을,37.41166,127.13178,분당구,야탑1동,4,60,21.2672,0.65956,부적합,수요커버 Ds=21.27 | 60셀 | 선정순위#4 | 경로타당성66%
S031,206-2-000005,점골,37.37694,127.13998,분당구,서현2동,5,60,20.7606,0.6887,부적합,수요커버 Ds=20.76 | 60셀 | 선정순위#5 | 경로타당성69%
S031,206-2-000022,운중동공영주차장,37.39088,127.0779,분당구,운중동,6,60,19.8816,0.71941,부적합,수요커버 Ds=19.88 | 60셀 | 선정순위#6 | 경로타당성72%
S032,206-2-000009,금곡동,37.35086,127.10686,분당구,금곡동,1,57,22.1967,0.69945,드론우선,수요커버 Ds=22.20 | 57셀 | 선정순위#1 | 경로타당성70%
S032,206-2-000006,정자전원마을,37.35922,127.12451,분당구,정자3동,2,28,8.9275,0.71791,드론우선,수요커버 Ds=8.93 | 28셀 | 선정순위#2 | 경로타당성72%
S032,206-2-000008,오리환승,37.33971,127.10941,분당구,구미동,3,16,5.2864,0.74493,드론우선,수요커버 Ds=5.29 | 16셀 | 선정순위#3 | 경로타당성74%
S032,206-2-000007,정자역환승,37.36575,127.10733,분당구,정자1동,4,3,1.1592,0.83482,부적합,수요커버 Ds=1.16 | 3셀 | 선정순위#4 | 경로타당성83%
S032,206-2-000021,수내제2공영,37.36665,127.12851,분당구,수내3동,5,1,0.3129,0.74003,부적합,수요커버 Ds=0.31 | 1셀 | 선정순위#5 | 경로타당성74%
S032,206-2-000010,수내동,37.3668,127.12796,분당구,수내3동,6,0,0.0,0.5,부적합,수요커버 Ds=0.00 | 0셀 | 선정순위#6 | 경로타당성50%
S033,206-2-000020,백현동카페거리공영주차장,37.38545,127.11199,분당구,백현동,1,60,26.7301,0.78124,부적합,수요커버 Ds=26.73 | 60셀 | 선정순위#1 | 경로타당성78%
S033,206-2-000007,정자역환승,37.36575,127.10733,분당구,정자1동,2,57,19.8909,0.78484,부적합,수요커버 Ds=19.89 | 57셀 | 선정순위#2 | 경로타당성78%
S033,205-3-000001,성남시청 부설주차장,37.42018,127.12628,중원구,도촌동,3,56,19.5442,0.8105,부적합,수요커버 Ds=19.54 | 56셀 | 선정순위#3 | 경로타당성81%
S033,206-2-000005,점골,37.37694,127.13998,분당구,서현2동,4,60,18.9752,0.6887,부적합,수요커버 Ds=18.98 | 60셀 | 선정순위#4 | 경로타당성69%
S033,204-1-000004,수상9-10,37.43746,127.13988,중원구,성남동,5,60,18.4136,0.6573,부적합,수요커버 Ds=18.41 | 60셀 | 선정순위#5 | 경로타당성66%
S033,206-2-000022,운중동공영주차장,37.39088,127.0779,분당구,운중동,6,60,18.2508,0.71941,부적합,수요커버 Ds=18.25 | 60셀 | 선정순위#6 | 경로타당성72%
S034,206-2-000020,백현동카페거리공영주차장,37.38545,127.11199,분당구,백현동,1,60,26.7301,0.78124,부적합,수요커버 Ds=26.73 | 60셀 | 선정순위#1 | 경로타당성78%
S034,206-2-000007,정자역환승,37.36575,127.10733,분당구,정자1동,2,57,19.8909,0.78484,부적합,수요커버 Ds=19.89 | 57셀 | 선정순위#2 | 경로타당성78%
S034,205-3-000001,성남시청 부설주차장,37.42018,127.12628,중원구,도촌동,3,56,19.5442,0.8105,부적합,수요커버 Ds=19.54 | 56셀 | 선정순위#3 | 경로타당성81%
S034,206-2-000005,점골,37.37694,127.13998,분당구,서현2동,4,60,18.9752,0.6887,부적합,수요커버 Ds=18.98 | 60셀 | 선정순위#4 | 경로타당성69%
S034,204-1-000004,수상9-10,37.43746,127.13988,중원구,성남동,5,60,18.4136,0.6573,부적합,수요커버 Ds=18.41 | 60셀 | 선정순위#5 | 경로타당성66%
S034,206-2-000022,운중동공영주차장,37.39088,127.0779,분당구,운중동,6,60,18.2508,0.71941,부적합,수요커버 Ds=18.25 | 60셀 | 선정순위#6 | 경로타당성72%
S035,206-2-000020,백현동카페거리공영주차장,37.38545,127.11199,분당구,백현동,1,60,27.0905,0.78124,부적합,수요커버 Ds=27.09 | 60셀 | 선정순위#1 | 경로타당성78%
S035,206-2-000007,정자역환승,37.36575,127.10733,분당구,정자1동,2,57,20.1743,0.78484,부적합,수요커버 Ds=20.17 | 57셀 | 선정순위#2 | 경로타당성78%
S035,205-3-000001,성남시청 부설주차장,37.42018,127.12628,중원구,도촌동,3,56,19.8168,0.8105,부적합,수요커버 Ds=19.82 | 56셀 | 선정순위#3 | 경로타당성81%
S035,206-2-000005,점골,37.37694,127.13998,분당구,서현2동,4,60,19.2546,0.6887,부적합,수요커버 Ds=19.25 | 60셀 | 선정순위#4 | 경로타당성69%
S035,204-1-000004,수상9-10,37.43746,127.13988,중원구,성남동,5,60,18.703,0.6573,부적합,수요커버 Ds=18.70 | 60셀 | 선정순위#5 | 경로타당성66%
S035,206-2-000022,운중동공영주차장,37.39088,127.0779,분당구,운중동,6,60,18.5187,0.71941,부적합,수요커버 Ds=18.52 | 60셀 | 선정순위#6 | 경로타당성72%
S036,206-2-000020,백현동카페거리공영주차장,37.38545,127.11199,분당구,백현동,1,60,27.0905,0.78124,부적합,수요커버 Ds=27.09 | 60셀 | 선정순위#1 | 경로타당성78%
S036,206-2-000007,정자역환승,37.36575,127.10733,분당구,정자1동,2,57,20.1743,0.78484,부적합,수요커버 Ds=20.17 | 57셀 | 선정순위#2 | 경로타당성78%
S036,205-3-000001,성남시청 부설주차장,37.42018,127.12628,중원구,도촌동,3,56,19.8168,0.8105,부적합,수요커버 Ds=19.82 | 56셀 | 선정순위#3 | 경로타당성81%
S036,206-2-000005,점골,37.37694,127.13998,분당구,서현2동,4,60,19.2546,0.6887,부적합,수요커버 Ds=19.25 | 60셀 | 선정순위#4 | 경로타당성69%
S036,204-1-000004,수상9-10,37.43746,127.13988,중원구,성남동,5,60,18.703,0.6573,부적합,수요커버 Ds=18.70 | 60셀 | 선정순위#5 | 경로타당성66%
S036,206-2-000022,운중동공영주차장,37.39088,127.0779,분당구,운중동,6,60,18.5187,0.71941,부적합,수요커버 Ds=18.52 | 60셀 | 선정순위#6 | 경로타당성72%
S037,206-2-000020,백현동카페거리공영주차장,37.38545,127.11199,분당구,백현동,1,60,28.8036,0.78124,부적합,수요커버 Ds=28.80 | 60셀 | 선정순위#1 | 경로타당성78%
S037,204-2-000028,수진 제2,37.43535,127.13409,중원구,성남동,2,61,22.1227,0.68985,부적합,수요커버 Ds=22.12 | 61셀 | 선정순위#2 | 경로타당성69%
S037,206-2-000007,정자역환승,37.36575,127.10733,분당구,정자1동,3,57,22.1061,0.78484,부적합,수요커버 Ds=22.11 | 57셀 | 선정순위#3 | 경로타당성78%
S037,206-2-000005,점골,37.37694,127.13998,분당구,서현2동,4,60,22.1002,0.6887,부적합,수요커버 Ds=22.10 | 60셀 | 선정순위#4 | 경로타당성69%
S037,206-2-000004,맛고을,37.41166,127.13178,분당구,야탑1동,5,60,21.6236,0.65956,부적합,수요커버 Ds=21.62 | 60셀 | 선정순위#5 | 경로타당성66%
S037,206-2-000022,운중동공영주차장,37.39088,127.0779,분당구,운중동,6,60,21.4403,0.71941,부적합,수요커버 Ds=21.44 | 60셀 | 선정순위#6 | 경로타당성72%
S038,206-2-000020,백현동카페거리공영주차장,37.38545,127.11199,분당구,백현동,1,60,28.8036,0.78124,부적합,수요커버 Ds=28.80 | 60셀 | 선정순위#1 | 경로타당성78%
S038,204-2-000028,수진 제2,37.43535,127.13409,중원구,성남동,2,61,22.1227,0.68985,부적합,수요커버 Ds=22.12 | 61셀 | 선정순위#2 | 경로타당성69%
S038,206-2-000007,정자역환승,37.36575,127.10733,분당구,정자1동,3,57,22.1061,0.78484,부적합,수요커버 Ds=22.11 | 57셀 | 선정순위#3 | 경로타당성78%
S038,206-2-000005,점골,37.37694,127.13998,분당구,서현2동,4,60,22.1002,0.6887,부적합,수요커버 Ds=22.10 | 60셀 | 선정순위#4 | 경로타당성69%
S038,206-2-000004,맛고을,37.41166,127.13178,분당구,야탑1동,5,60,21.6236,0.65956,부적합,수요커버 Ds=21.62 | 60셀 | 선정순위#5 | 경로타당성66%
S038,206-2-000022,운중동공영주차장,37.39088,127.0779,분당구,운중동,6,60,21.4403,0.71941,부적합,수요커버 Ds=21.44 | 60셀 | 선정순위#6 | 경로타당성72%
S039,206-2-000020,백현동카페거리공영주차장,37.38545,127.11199,분당구,백현동,1,60,29.165,0.78124,부적합,수요커버 Ds=29.16 | 60셀 | 선정순위#1 | 경로타당성78%
S039,204-2-000028,수진 제2,37.43535,127.13409,중원구,성남동,2,61,22.4084,0.68985,부적합,수요커버 Ds=22.41 | 61셀 | 선정순위#2 | 경로타당성69%
S039,206-2-000007,정자역환승,37.36575,127.10733,분당구,정자1동,3,57,22.3891,0.78484,부적합,수요커버 Ds=22.39 | 57셀 | 선정순위#3 | 경로타당성78%
S039,206-2-000005,점골,37.37694,127.13998,분당구,서현2동,4,60,22.3793,0.6887,부적합,수요커버 Ds=22.38 | 60셀 | 선정순위#4 | 경로타당성69%
S039,206-2-000004,맛고을,37.41166,127.13178,분당구,야탑1동,5,60,21.9097,0.65956,부적합,수요커버 Ds=21.91 | 60셀 | 선정순위#5 | 경로타당성66%
S039,206-2-000022,운중동공영주차장,37.39088,127.0779,분당구,운중동,6,60,21.7083,0.71941,부적합,수요커버 Ds=21.71 | 60셀 | 선정순위#6 | 경로타당성72%
S040,206-2-000020,백현동카페거리공영주차장,37.38545,127.11199,분당구,백현동,1,60,29.165,0.78124,부적합,수요커버 Ds=29.16 | 60셀 | 선정순위#1 | 경로타당성78%
S040,204-2-000028,수진 제2,37.43535,127.13409,중원구,성남동,2,61,22.4084,0.68985,부적합,수요커버 Ds=22.41 | 61셀 | 선정순위#2 | 경로타당성69%
S040,206-2-000007,정자역환승,37.36575,127.10733,분당구,정자1동,3,57,22.3891,0.78484,부적합,수요커버 Ds=22.39 | 57셀 | 선정순위#3 | 경로타당성78%
S040,206-2-000005,점골,37.37694,127.13998,분당구,서현2동,4,60,22.3793,0.6887,부적합,수요커버 Ds=22.38 | 60셀 | 선정순위#4 | 경로타당성69%
S040,206-2-000004,맛고을,37.41166,127.13178,분당구,야탑1동,5,60,21.9097,0.65956,부적합,수요커버 Ds=21.91 | 60셀 | 선정순위#5 | 경로타당성66%
S040,206-2-000022,운중동공영주차장,37.39088,127.0779,분당구,운중동,6,60,21.7083,0.71941,부적합,수요커버 Ds=21.71 | 60셀 | 선정순위#6 | 경로타당성72%
S041,206-2-000020,백현동카페거리공영주차장,37.38545,127.11199,분당구,백현동,1,60,27.3839,0.78124,부적합,수요커버 Ds=27.38 | 60셀 | 선정순위#1 | 경로타당성78%
S041,204-2-000034,신흥제9공영주차장,37.44339,127.14236,수정구,신흥1동,2,59,21.7213,0.62646,부적합,수요커버 Ds=21.72 | 59셀 | 선정순위#2 | 경로타당성63%
S041,206-2-000007,정자역환승,37.36575,127.10733,분당구,정자1동,3,57,20.4617,0.78484,부적합,수요커버 Ds=20.46 | 57셀 | 선정순위#3 | 경로타당성78%
S041,205-3-000001,성남시청 부설주차장,37.42018,127.12628,중원구,도촌동,4,56,20.096,0.8105,부적합,수요커버 Ds=20.10 | 56셀 | 선정순위#4 | 경로타당성81%
S041,206-2-000005,점골,37.37694,127.13998,분당구,서현2동,5,60,19.6671,0.6887,부적합,수요커버 Ds=19.67 | 60셀 | 선정순위#5 | 경로타당성69%
S041,206-2-000022,운중동공영주차장,37.39088,127.0779,분당구,운중동,6,60,19.1425,0.71941,부적합,수요커버 Ds=19.14 | 60셀 | 선정순위#6 | 경로타당성72%
S042,206-2-000020,백현동카페거리공영주차장,37.38545,127.11199,분당구,백현동,1,60,27.3839,0.78124,부적합,수요커버 Ds=27.38 | 60셀 | 선정순위#1 | 경로타당성78%
S042,204-2-000034,신흥제9공영주차장,37.44339,127.14236,수정구,신흥1동,2,59,21.7213,0.62646,부적합,수요커버 Ds=21.72 | 59셀 | 선정순위#2 | 경로타당성63%
S042,206-2-000007,정자역환승,37.36575,127.10733,분당구,정자1동,3,57,20.4617,0.78484,부적합,수요커버 Ds=20.46 | 57셀 | 선정순위#3 | 경로타당성78%
S042,205-3-000001,성남시청 부설주차장,37.42018,127.12628,중원구,도촌동,4,56,20.096,0.8105,부적합,수요커버 Ds=20.10 | 56셀 | 선정순위#4 | 경로타당성81%
S042,206-2-000005,점골,37.37694,127.13998,분당구,서현2동,5,60,19.6671,0.6887,부적합,수요커버 Ds=19.67 | 60셀 | 선정순위#5 | 경로타당성69%
S042,206-2-000022,운중동공영주차장,37.39088,127.0779,분당구,운중동,6,60,19.1425,0.71941,부적합,수요커버 Ds=19.14 | 60셀 | 선정순위#6 | 경로타당성72%
S043,206-2-000020,백현동카페거리공영주차장,37.38545,127.11199,분당구,백현동,1,60,27.7444,0.78124,부적합,수요커버 Ds=27.74 | 60셀 | 선정순위#1 | 경로타당성78%
S043,204-2-000034,신흥제9공영주차장,37.44339,127.14236,수정구,신흥1동,2,59,22.0142,0.62646,부적합,수요커버 Ds=22.01 | 59셀 | 선정순위#2 | 경로타당성63%
S043,206-2-000007,정자역환승,37.36575,127.10733,분당구,정자1동,3,57,20.744,0.78484,부적합,수요커버 Ds=20.74 | 57셀 | 선정순위#3 | 경로타당성78%
S043,205-3-000001,성남시청 부설주차장,37.42018,127.12628,중원구,도촌동,4,56,20.3694,0.8105,부적합,수요커버 Ds=20.37 | 56셀 | 선정순위#4 | 경로타당성81%
S043,206-2-000005,점골,37.37694,127.13998,분당구,서현2동,5,60,19.9464,0.6887,부적합,수요커버 Ds=19.95 | 60셀 | 선정순위#5 | 경로타당성69%
S043,206-2-000022,운중동공영주차장,37.39088,127.0779,분당구,운중동,6,60,19.41,0.71941,부적합,수요커버 Ds=19.41 | 60셀 | 선정순위#6 | 경로타당성72%
S044,206-2-000020,백현동카페거리공영주차장,37.38545,127.11199,분당구,백현동,1,60,27.7444,0.78124,부적합,수요커버 Ds=27.74 | 60셀 | 선정순위#1 | 경로타당성78%
S044,204-2-000034,신흥제9공영주차장,37.44339,127.14236,수정구,신흥1동,2,59,22.0142,0.62646,부적합,수요커버 Ds=22.01 | 59셀 | 선정순위#2 | 경로타당성63%
S044,206-2-000007,정자역환승,37.36575,127.10733,분당구,정자1동,3,57,20.744,0.78484,부적합,수요커버 Ds=20.74 | 57셀 | 선정순위#3 | 경로타당성78%
S044,205-3-000001,성남시청 부설주차장,37.42018,127.12628,중원구,도촌동,4,56,20.3694,0.8105,부적합,수요커버 Ds=20.37 | 56셀 | 선정순위#4 | 경로타당성81%
S044,206-2-000005,점골,37.37694,127.13998,분당구,서현2동,5,60,19.9464,0.6887,부적합,수요커버 Ds=19.95 | 60셀 | 선정순위#5 | 경로타당성69%
S044,206-2-000022,운중동공영주차장,37.39088,127.0779,분당구,운중동,6,60,19.41,0.71941,부적합,수요커버 Ds=19.41 | 60셀 | 선정순위#6 | 경로타당성72%
S045,206-2-000020,백현동카페거리공영주차장,37.38545,127.11199,분당구,백현동,1,60,29.4577,0.78124,부적합,수요커버 Ds=29.46 | 60셀 | 선정순위#1 | 경로타당성78%
S045,204-2-000034,신흥제9공영주차장,37.44339,127.14236,수정구,신흥1동,2,59,25.1425,0.62646,부적합,수요커버 Ds=25.14 | 59셀 | 선정순위#2 | 경로타당성63%
S045,206-2-000005,점골,37.37694,127.13998,분당구,서현2동,3,60,22.7923,0.6887,부적합,수요커버 Ds=22.79 | 60셀 | 선정순위#3 | 경로타당성69%
S045,206-2-000007,정자역환승,37.36575,127.10733,분당구,정자1동,4,57,22.6759,0.78484,부적합,수요커버 Ds=22.68 | 57셀 | 선정순위#4 | 경로타당성78%
S045,205-3-000001,성남시청 부설주차장,37.42018,127.12628,중원구,도촌동,5,56,22.4827,0.8105,부적합,수요커버 Ds=22.48 | 56셀 | 선정순위#5 | 경로타당성81%
S045,206-2-000022,운중동공영주차장,37.39088,127.0779,분당구,운중동,6,60,22.3324,0.71941,부적합,수요커버 Ds=22.33 | 60셀 | 선정순위#6 | 경로타당성72%
S046,206-2-000020,백현동카페거리공영주차장,37.38545,127.11199,분당구,백현동,1,60,29.4577,0.78124,부적합,수요커버 Ds=29.46 | 60셀 | 선정순위#1 | 경로타당성78%
S046,204-2-000034,신흥제9공영주차장,37.44339,127.14236,수정구,신흥1동,2,59,25.1425,0.62646,부적합,수요커버 Ds=25.14 | 59셀 | 선정순위#2 | 경로타당성63%
S046,206-2-000005,점골,37.37694,127.13998,분당구,서현2동,3,60,22.7923,0.6887,부적합,수요커버 Ds=22.79 | 60셀 | 선정순위#3 | 경로타당성69%
S046,206-2-000007,정자역환승,37.36575,127.10733,분당구,정자1동,4,57,22.6759,0.78484,부적합,수요커버 Ds=22.68 | 57셀 | 선정순위#4 | 경로타당성78%
S046,205-3-000001,성남시청 부설주차장,37.42018,127.12628,중원구,도촌동,5,56,22.4827,0.8105,부적합,수요커버 Ds=22.48 | 56셀 | 선정순위#5 | 경로타당성81%
S046,206-2-000022,운중동공영주차장,37.39088,127.0779,분당구,운중동,6,60,22.3324,0.71941,부적합,수요커버 Ds=22.33 | 60셀 | 선정순위#6 | 경로타당성72%
S047,206-2-000020,백현동카페거리공영주차장,37.38545,127.11199,분당구,백현동,1,60,29.818,0.78124,부적합,수요커버 Ds=29.82 | 60셀 | 선정순위#1 | 경로타당성78%
S047,204-2-000034,신흥제9공영주차장,37.44339,127.14236,수정구,신흥1동,2,59,25.4347,0.62646,부적합,수요커버 Ds=25.43 | 59셀 | 선정순위#2 | 경로타당성63%
S047,206-2-000005,점골,37.37694,127.13998,분당구,서현2동,3,60,23.0729,0.6887,부적합,수요커버 Ds=23.07 | 60셀 | 선정순위#3 | 경로타당성69%
S047,206-2-000007,정자역환승,37.36575,127.10733,분당구,정자1동,4,57,22.9594,0.78484,부적합,수요커버 Ds=22.96 | 57셀 | 선정순위#4 | 경로타당성78%
S047,205-3-000001,성남시청 부설주차장,37.42018,127.12628,중원구,도촌동,5,56,22.7558,0.8105,부적합,수요커버 Ds=22.76 | 56셀 | 선정순위#5 | 경로타당성81%
S047,206-2-000022,운중동공영주차장,37.39088,127.0779,분당구,운중동,6,60,22.5988,0.71941,부적합,수요커버 Ds=22.60 | 60셀 | 선정순위#6 | 경로타당성72%
S048,206-2-000020,백현동카페거리공영주차장,37.38545,127.11199,분당구,백현동,1,60,29.818,0.78124,부적합,수요커버 Ds=29.82 | 60셀 | 선정순위#1 | 경로타당성78%
S048,204-2-000034,신흥제9공영주차장,37.44339,127.14236,수정구,신흥1동,2,59,25.4347,0.62646,부적합,수요커버 Ds=25.43 | 59셀 | 선정순위#2 | 경로타당성63%
S048,206-2-000005,점골,37.37694,127.13998,분당구,서현2동,3,60,23.0729,0.6887,부적합,수요커버 Ds=23.07 | 60셀 | 선정순위#3 | 경로타당성69%
S048,206-2-000007,정자역환승,37.36575,127.10733,분당구,정자1동,4,57,22.9594,0.78484,부적합,수요커버 Ds=22.96 | 57셀 | 선정순위#4 | 경로타당성78%
S048,205-3-000001,성남시청 부설주차장,37.42018,127.12628,중원구,도촌동,5,56,22.7558,0.8105,부적합,수요커버 Ds=22.76 | 56셀 | 선정순위#5 | 경로타당성81%
S048,206-2-000022,운중동공영주차장,37.39088,127.0779,분당구,운중동,6,60,22.5988,0.71941,부적합,수요커버 Ds=22.60 | 60셀 | 선정순위#6 | 경로타당성72%
S049,206-2-000020,백현동카페거리공영주차장,37.38545,127.11199,분당구,백현동,1,60,29.1935,0.78124,부적합,수요커버 Ds=29.19 | 60셀 | 선정순위#1 | 경로타당성78%
S049,206-2-000003,야탑 제2환승,37.41176,127.12816,분당구,야탑1동,2,58,22.2402,0.69246,부적합,수요커버 Ds=22.24 | 58셀 | 선정순위#2 | 경로타당성69%
S049,206-2-000007,정자역환승,37.36575,127.10733,분당구,정자1동,3,57,22.227,0.78484,부적합,수요커버 Ds=22.23 | 57셀 | 선정순위#3 | 경로타당성78%
S049,206-2-000005,점골,37.37694,127.13998,분당구,서현2동,4,60,20.9143,0.6887,부적합,수요커버 Ds=20.91 | 60셀 | 선정순위#4 | 경로타당성69%
S049,206-2-000022,운중동공영주차장,37.39088,127.0779,분당구,운중동,5,60,19.6029,0.71941,부적합,수요커버 Ds=19.60 | 60셀 | 선정순위#5 | 경로타당성72%
S049,204-2-000028,수진 제2,37.43535,127.13409,중원구,성남동,6,61,19.5756,0.68985,부적합,수요커버 Ds=19.58 | 61셀 | 선정순위#6 | 경로타당성69%
S050,206-2-000020,백현동카페거리공영주차장,37.38545,127.11199,분당구,백현동,1,60,29.1935,0.78124,부적합,수요커버 Ds=29.19 | 60셀 | 선정순위#1 | 경로타당성78%
S050,206-2-000003,야탑 제2환승,37.41176,127.12816,분당구,야탑1동,2,58,22.2402,0.69246,부적합,수요커버 Ds=22.24 | 58셀 | 선정순위#2 | 경로타당성69%
S050,206-2-000007,정자역환승,37.36575,127.10733,분당구,정자1동,3,57,22.227,0.78484,부적합,수요커버 Ds=22.23 | 57셀 | 선정순위#3 | 경로타당성78%
S050,206-2-000005,점골,37.37694,127.13998,분당구,서현2동,4,60,20.9143,0.6887,부적합,수요커버 Ds=20.91 | 60셀 | 선정순위#4 | 경로타당성69%
S050,206-2-000022,운중동공영주차장,37.39088,127.0779,분당구,운중동,5,60,19.6029,0.71941,부적합,수요커버 Ds=19.60 | 60셀 | 선정순위#5 | 경로타당성72%
S050,204-2-000028,수진 제2,37.43535,127.13409,중원구,성남동,6,61,19.5756,0.68985,부적합,수요커버 Ds=19.58 | 61셀 | 선정순위#6 | 경로타당성69%
S051,206-2-000020,백현동카페거리공영주차장,37.38545,127.11199,분당구,백현동,1,60,29.5542,0.78124,부적합,수요커버 Ds=29.55 | 60셀 | 선정순위#1 | 경로타당성78%
S051,206-2-000003,야탑 제2환승,37.41176,127.12816,분당구,야탑1동,2,58,22.5252,0.69246,부적합,수요커버 Ds=22.53 | 58셀 | 선정순위#2 | 경로타당성69%
S051,206-2-000007,정자역환승,37.36575,127.10733,분당구,정자1동,3,57,22.5096,0.78484,부적합,수요커버 Ds=22.51 | 57셀 | 선정순위#3 | 경로타당성78%
S051,206-2-000005,점골,37.37694,127.13998,분당구,서현2동,4,60,21.1943,0.6887,부적합,수요커버 Ds=21.19 | 60셀 | 선정순위#4 | 경로타당성69%
S051,206-2-000022,운중동공영주차장,37.39088,127.0779,분당구,운중동,5,60,19.8705,0.71941,부적합,수요커버 Ds=19.87 | 60셀 | 선정순위#5 | 경로타당성72%
S051,204-2-000028,수진 제2,37.43535,127.13409,중원구,성남동,6,61,19.861,0.68985,부적합,수요커버 Ds=19.86 | 61셀 | 선정순위#6 | 경로타당성69%
S052,206-2-000020,백현동카페거리공영주차장,37.38545,127.11199,분당구,백현동,1,60,29.5542,0.78124,부적합,수요커버 Ds=29.55 | 60셀 | 선정순위#1 | 경로타당성78%
S052,206-2-000003,야탑 제2환승,37.41176,127.12816,분당구,야탑1동,2,58,22.5252,0.69246,부적합,수요커버 Ds=22.53 | 58셀 | 선정순위#2 | 경로타당성69%
S052,206-2-000007,정자역환승,37.36575,127.10733,분당구,정자1동,3,57,22.5096,0.78484,부적합,수요커버 Ds=22.51 | 57셀 | 선정순위#3 | 경로타당성78%
S052,206-2-000005,점골,37.37694,127.13998,분당구,서현2동,4,60,21.1943,0.6887,부적합,수요커버 Ds=21.19 | 60셀 | 선정순위#4 | 경로타당성69%
S052,206-2-000022,운중동공영주차장,37.39088,127.0779,분당구,운중동,5,60,19.8705,0.71941,부적합,수요커버 Ds=19.87 | 60셀 | 선정순위#5 | 경로타당성72%
S052,204-2-000028,수진 제2,37.43535,127.13409,중원구,성남동,6,61,19.861,0.68985,부적합,수요커버 Ds=19.86 | 61셀 | 선정순위#6 | 경로타당성69%
S053,206-2-000020,백현동카페거리공영주차장,37.38545,127.11199,분당구,백현동,1,60,31.2664,0.78124,부적합,수요커버 Ds=31.27 | 60셀 | 선정순위#1 | 경로타당성78%
S053,206-2-000004,맛고을,37.41166,127.13178,분당구,야탑1동,2,60,24.6492,0.65956,부적합,수요커버 Ds=24.65 | 60셀 | 선정순위#2 | 경로타당성66%
S053,206-2-000007,정자역환승,37.36575,127.10733,분당구,정자1동,3,57,24.4418,0.78484,부적합,수요커버 Ds=24.44 | 57셀 | 선정순위#3 | 경로타당성78%
S053,206-2-000005,점골,37.37694,127.13998,분당구,서현2동,4,60,24.0395,0.6887,부적합,수요커버 Ds=24.04 | 60셀 | 선정순위#4 | 경로타당성69%
S053,206-2-000022,운중동공영주차장,37.39088,127.0779,분당구,운중동,5,60,22.7921,0.71941,부적합,수요커버 Ds=22.79 | 60셀 | 선정순위#5 | 경로타당성72%
S053,204-2-000028,수진 제2,37.43535,127.13409,중원구,성남동,6,61,22.6634,0.68985,부적합,수요커버 Ds=22.66 | 61셀 | 선정순위#6 | 경로타당성69%
S054,206-2-000020,백현동카페거리공영주차장,37.38545,127.11199,분당구,백현동,1,60,31.2664,0.78124,부적합,수요커버 Ds=31.27 | 60셀 | 선정순위#1 | 경로타당성78%
S054,206-2-000004,맛고을,37.41166,127.13178,분당구,야탑1동,2,60,24.6492,0.65956,부적합,수요커버 Ds=24.65 | 60셀 | 선정순위#2 | 경로타당성66%
S054,206-2-000007,정자역환승,37.36575,127.10733,분당구,정자1동,3,57,24.4418,0.78484,부적합,수요커버 Ds=24.44 | 57셀 | 선정순위#3 | 경로타당성78%
S054,206-2-000005,점골,37.37694,127.13998,분당구,서현2동,4,60,24.0395,0.6887,부적합,수요커버 Ds=24.04 | 60셀 | 선정순위#4 | 경로타당성69%
S054,206-2-000022,운중동공영주차장,37.39088,127.0779,분당구,운중동,5,60,22.7921,0.71941,부적합,수요커버 Ds=22.79 | 60셀 | 선정순위#5 | 경로타당성72%
S054,204-2-000028,수진 제2,37.43535,127.13409,중원구,성남동,6,61,22.6634,0.68985,부적합,수요커버 Ds=22.66 | 61셀 | 선정순위#6 | 경로타당성69%
S055,206-2-000020,백현동카페거리공영주차장,37.38545,127.11199,분당구,백현동,1,60,31.6271,0.78124,부적합,수요커버 Ds=31.63 | 60셀 | 선정순위#1 | 경로타당성78%
S055,206-2-000004,맛고을,37.41166,127.13178,분당구,야탑1동,2,60,24.9353,0.65956,부적합,수요커버 Ds=24.94 | 60셀 | 선정순위#2 | 경로타당성66%
S055,206-2-000007,정자역환승,37.36575,127.10733,분당구,정자1동,3,57,24.7243,0.78484,부적합,수요커버 Ds=24.72 | 57셀 | 선정순위#3 | 경로타당성78%
S055,206-2-000005,점골,37.37694,127.13998,분당구,서현2동,4,60,24.319,0.6887,부적합,수요커버 Ds=24.32 | 60셀 | 선정순위#4 | 경로타당성69%
S055,206-2-000022,운중동공영주차장,37.39088,127.0779,분당구,운중동,5,60,23.0598,0.71941,부적합,수요커버 Ds=23.06 | 60셀 | 선정순위#5 | 경로타당성72%
S055,204-2-000028,수진 제2,37.43535,127.13409,중원구,성남동,6,61,22.9491,0.68985,부적합,수요커버 Ds=22.95 | 61셀 | 선정순위#6 | 경로타당성69%
S056,206-2-000020,백현동카페거리공영주차장,37.38545,127.11199,분당구,백현동,1,60,31.6271,0.78124,부적합,수요커버 Ds=31.63 | 60셀 | 선정순위#1 | 경로타당성78%
S056,206-2-000004,맛고을,37.41166,127.13178,분당구,야탑1동,2,60,24.9353,0.65956,부적합,수요커버 Ds=24.94 | 60셀 | 선정순위#2 | 경로타당성66%
S056,206-2-000007,정자역환승,37.36575,127.10733,분당구,정자1동,3,57,24.7243,0.78484,부적합,수요커버 Ds=24.72 | 57셀 | 선정순위#3 | 경로타당성78%
S056,206-2-000005,점골,37.37694,127.13998,분당구,서현2동,4,60,24.319,0.6887,부적합,수요커버 Ds=24.32 | 60셀 | 선정순위#4 | 경로타당성69%
S056,206-2-000022,운중동공영주차장,37.39088,127.0779,분당구,운중동,5,60,23.0598,0.71941,부적합,수요커버 Ds=23.06 | 60셀 | 선정순위#5 | 경로타당성72%
S056,204-2-000028,수진 제2,37.43535,127.13409,중원구,성남동,6,61,22.9491,0.68985,부적합,수요커버 Ds=22.95 | 61셀 | 선정순위#6 | 경로타당성69%
S057,206-2-000020,백현동카페거리공영주차장,37.38545,127.11199,분당구,백현동,1,60,29.8466,0.78124,부적합,수요커버 Ds=29.85 | 60셀 | 선정순위#1 | 경로타당성78%
S057,206-2-000003,야탑 제2환승,37.41176,127.12816,분당구,야탑1동,2,58,22.9058,0.69246,부적합,수요커버 Ds=22.91 | 58셀 | 선정순위#2 | 경로타당성69%
S057,206-2-000007,정자역환승,37.36575,127.10733,분당구,정자1동,3,57,22.7969,0.78484,부적합,수요커버 Ds=22.80 | 57셀 | 선정순위#3 | 경로타당성78%
S057,204-2-000034,신흥제9공영주차장,37.44339,127.14236,수정구,신흥1동,4,59,22.3916,0.62646,부적합,수요커버 Ds=22.39 | 59셀 | 선정순위#4 | 경로타당성63%
S057,206-2-000005,점골,37.37694,127.13998,분당구,서현2동,5,60,21.6063,0.6887,부적합,수요커버 Ds=21.61 | 60셀 | 선정순위#5 | 경로타당성69%
S057,206-2-000022,운중동공영주차장,37.39088,127.0779,분당구,운중동,6,60,20.4947,0.71941,부적합,수요커버 Ds=20.49 | 60셀 | 선정순위#6 | 경로타당성72%
S058,206-2-000020,백현동카페거리공영주차장,37.38545,127.11199,분당구,백현동,1,60,29.8466,0.78124,부적합,수요커버 Ds=29.85 | 60셀 | 선정순위#1 | 경로타당성78%
S058,206-2-000003,야탑 제2환승,37.41176,127.12816,분당구,야탑1동,2,58,22.9058,0.69246,부적합,수요커버 Ds=22.91 | 58셀 | 선정순위#2 | 경로타당성69%
S058,206-2-000007,정자역환승,37.36575,127.10733,분당구,정자1동,3,57,22.7969,0.78484,부적합,수요커버 Ds=22.80 | 57셀 | 선정순위#3 | 경로타당성78%
S058,204-2-000034,신흥제9공영주차장,37.44339,127.14236,수정구,신흥1동,4,59,22.3916,0.62646,부적합,수요커버 Ds=22.39 | 59셀 | 선정순위#4 | 경로타당성63%
S058,206-2-000005,점골,37.37694,127.13998,분당구,서현2동,5,60,21.6063,0.6887,부적합,수요커버 Ds=21.61 | 60셀 | 선정순위#5 | 경로타당성69%
S058,206-2-000022,운중동공영주차장,37.39088,127.0779,분당구,운중동,6,60,20.4947,0.71941,부적합,수요커버 Ds=20.49 | 60셀 | 선정순위#6 | 경로타당성72%
S059,206-2-000020,백현동카페거리공영주차장,37.38545,127.11199,분당구,백현동,1,60,30.2078,0.78124,부적합,수요커버 Ds=30.21 | 60셀 | 선정순위#1 | 경로타당성78%
S059,206-2-000003,야탑 제2환승,37.41176,127.12816,분당구,야탑1동,2,58,23.1908,0.69246,부적합,수요커버 Ds=23.19 | 58셀 | 선정순위#2 | 경로타당성69%
S059,206-2-000007,정자역환승,37.36575,127.10733,분당구,정자1동,3,57,23.0797,0.78484,부적합,수요커버 Ds=23.08 | 57셀 | 선정순위#3 | 경로타당성78%
S059,204-2-000034,신흥제9공영주차장,37.44339,127.14236,수정구,신흥1동,4,59,22.6828,0.62646,부적합,수요커버 Ds=22.68 | 59셀 | 선정순위#4 | 경로타당성63%
S059,206-2-000005,점골,37.37694,127.13998,분당구,서현2동,5,60,21.8867,0.6887,부적합,수요커버 Ds=21.89 | 60셀 | 선정순위#5 | 경로타당성69%
S059,206-2-000022,운중동공영주차장,37.39088,127.0779,분당구,운중동,6,60,20.7627,0.71941,부적합,수요커버 Ds=20.76 | 60셀 | 선정순위#6 | 경로타당성72%
S060,206-2-000020,백현동카페거리공영주차장,37.38545,127.11199,분당구,백현동,1,60,30.2078,0.78124,부적합,수요커버 Ds=30.21 | 60셀 | 선정순위#1 | 경로타당성78%
S060,206-2-000003,야탑 제2환승,37.41176,127.12816,분당구,야탑1동,2,58,23.1908,0.69246,부적합,수요커버 Ds=23.19 | 58셀 | 선정순위#2 | 경로타당성69%
S060,206-2-000007,정자역환승,37.36575,127.10733,분당구,정자1동,3,57,23.0797,0.78484,부적합,수요커버 Ds=23.08 | 57셀 | 선정순위#3 | 경로타당성78%
S060,204-2-000034,신흥제9공영주차장,37.44339,127.14236,수정구,신흥1동,4,59,22.6828,0.62646,부적합,수요커버 Ds=22.68 | 59셀 | 선정순위#4 | 경로타당성63%
S060,206-2-000005,점골,37.37694,127.13998,분당구,서현2동,5,60,21.8867,0.6887,부적합,수요커버 Ds=21.89 | 60셀 | 선정순위#5 | 경로타당성69%
S060,206-2-000022,운중동공영주차장,37.39088,127.0779,분당구,운중동,6,60,20.7627,0.71941,부적합,수요커버 Ds=20.76 | 60셀 | 선정순위#6 | 경로타당성72%
S061,206-2-000020,백현동카페거리공영주차장,37.38545,127.11199,분당구,백현동,1,60,31.9207,0.78124,부적합,수요커버 Ds=31.92 | 60셀 | 선정순위#1 | 경로타당성78%
S061,204-2-000034,신흥제9공영주차장,37.44339,127.14236,수정구,신흥1동,2,59,25.8116,0.62646,부적합,수요커버 Ds=25.81 | 59셀 | 선정순위#2 | 경로타당성63%
S061,206-2-000004,맛고을,37.41166,127.13178,분당구,야탑1동,3,60,25.3353,0.65956,부적합,수요커버 Ds=25.34 | 60셀 | 선정순위#3 | 경로타당성66%
S061,206-2-000007,정자역환승,37.36575,127.10733,분당구,정자1동,4,57,25.0123,0.78484,부적합,수요커버 Ds=25.01 | 57셀 | 선정순위#4 | 경로타당성78%
S061,206-2-000005,점골,37.37694,127.13998,분당구,서현2동,5,60,24.7327,0.6887,부적합,수요커버 Ds=24.73 | 60셀 | 선정순위#5 | 경로타당성69%
S061,206-2-000022,운중동공영주차장,37.39088,127.0779,분당구,운중동,6,60,23.6832,0.71941,부적합,수요커버 Ds=23.68 | 60셀 | 선정순위#6 | 경로타당성72%
S062,206-2-000020,백현동카페거리공영주차장,37.38545,127.11199,분당구,백현동,1,60,31.9207,0.78124,부적합,수요커버 Ds=31.92 | 60셀 | 선정순위#1 | 경로타당성78%
S062,204-2-000034,신흥제9공영주차장,37.44339,127.14236,수정구,신흥1동,2,59,25.8116,0.62646,부적합,수요커버 Ds=25.81 | 59셀 | 선정순위#2 | 경로타당성63%
S062,206-2-000004,맛고을,37.41166,127.13178,분당구,야탑1동,3,60,25.3353,0.65956,부적합,수요커버 Ds=25.34 | 60셀 | 선정순위#3 | 경로타당성66%
S062,206-2-000007,정자역환승,37.36575,127.10733,분당구,정자1동,4,57,25.0123,0.78484,부적합,수요커버 Ds=25.01 | 57셀 | 선정순위#4 | 경로타당성78%
S062,206-2-000005,점골,37.37694,127.13998,분당구,서현2동,5,60,24.7327,0.6887,부적합,수요커버 Ds=24.73 | 60셀 | 선정순위#5 | 경로타당성69%
S062,206-2-000022,운중동공영주차장,37.39088,127.0779,분당구,운중동,6,60,23.6832,0.71941,부적합,수요커버 Ds=23.68 | 60셀 | 선정순위#6 | 경로타당성72%
S063,206-2-000020,백현동카페거리공영주차장,37.38545,127.11199,분당구,백현동,1,60,32.281,0.78124,부적합,수요커버 Ds=32.28 | 60셀 | 선정순위#1 | 경로타당성78%
S063,204-2-000034,신흥제9공영주차장,37.44339,127.14236,수정구,신흥1동,2,59,26.1036,0.62646,부적합,수요커버 Ds=26.10 | 59셀 | 선정순위#2 | 경로타당성63%
S063,206-2-000004,맛고을,37.41166,127.13178,분당구,야탑1동,3,60,25.6232,0.65956,부적합,수요커버 Ds=25.62 | 60셀 | 선정순위#3 | 경로타당성66%
S063,206-2-000007,정자역환승,37.36575,127.10733,분당구,정자1동,4,57,25.2933,0.78484,부적합,수요커버 Ds=25.29 | 57셀 | 선정순위#4 | 경로타당성78%
S063,206-2-000005,점골,37.37694,127.13998,분당구,서현2동,5,60,25.0127,0.6887,부적합,수요커버 Ds=25.01 | 60셀 | 선정순위#5 | 경로타당성69%
S063,206-2-000022,운중동공영주차장,37.39088,127.0779,분당구,운중동,6,60,23.9508,0.71941,부적합,수요커버 Ds=23.95 | 60셀 | 선정순위#6 | 경로타당성72%
S064,206-2-000020,백현동카페거리공영주차장,37.38545,127.11199,분당구,백현동,1,60,32.281,0.78124,부적합,수요커버 Ds=32.28 | 60셀 | 선정순위#1 | 경로타당성78%
S064,204-2-000034,신흥제9공영주차장,37.44339,127.14236,수정구,신흥1동,2,59,26.1036,0.62646,부적합,수요커버 Ds=26.10 | 59셀 | 선정순위#2 | 경로타당성63%
S064,206-2-000004,맛고을,37.41166,127.13178,분당구,야탑1동,3,60,25.6232,0.65956,부적합,수요커버 Ds=25.62 | 60셀 | 선정순위#3 | 경로타당성66%
S064,206-2-000007,정자역환승,37.36575,127.10733,분당구,정자1동,4,57,25.2933,0.78484,부적합,수요커버 Ds=25.29 | 57셀 | 선정순위#4 | 경로타당성78%
S064,206-2-000005,점골,37.37694,127.13998,분당구,서현2동,5,60,25.0127,0.6887,부적합,수요커버 Ds=25.01 | 60셀 | 선정순위#5 | 경로타당성69%
S064,206-2-000022,운중동공영주차장,37.39088,127.0779,분당구,운중동,6,60,23.9508,0.71941,부적합,수요커버 Ds=23.95 | 60셀 | 선정순위#6 | 경로타당성72%
